yy1	myEd	sumEdW	sumLW
32	1	.6310678	0
95	1	1.359441	0
154	1	1.6675	0
203	1	2.385041	0
207	1	2.808771	0
234	1	3.245472	0
296	1	3.863026	0
397	1	4.370578	0
504	1	4.668672	0
753	1	5.227362	0
825	1	5.630095	0
905	1	6.195569	0
930	1	6.710671	0
1004	1	7.145793	0
1141	1	7.715045	0
1210	1	8.148881	0
1219	1	8.922079	0
1350	1	9.441643	0
1582	1	9.872064	0
1591	1	10.25611	0
1627	1	10.6738	0
1631	1	11.29946	0
1656	1	11.85149	0
1729	1	12.36719	0
1902	1	12.85593	0
1904	1	13.48536	0
2007	1	13.96855	0
2014	1	14.58842	0
2018	1	14.92394	0
2171	1	15.38805	0
2210	1	15.72099	0
2241	1	16.22849	0
2244	1	16.58998	0
2361	1	17.12465	0
2501	1	17.60999	0
2502	1	18.00011	0
2524	1	18.57134	0
2629	1	19.1968	0
2812	1	19.79675	0
2818	1	20.26439	0
2887	1	20.98549	0
2894	1	21.39425	0
2998	1	21.72719	0
3018	1	22.06772	0
3115	1	22.65083	0
3156	1	23.06003	0
3177	1	23.52933	0
3198	1	24.09346	0
3249	1	24.50177	0
3460	1	24.98752	0
3505	1	25.56122	0
3514	1	26.19752	0
3551	1	26.61728	0
3556	1	27.12317	0
3589	1	27.48878	0
3733	1	28.12367	0
3735	1	28.52454	0
3785	1	29.00941	0
3837	1	29.53165	0
3857	1	29.97028	0
3913	1	30.42755	0
3938	1	30.97411	0
4126	1	31.61165	0
4261	1	32.01709	0
4284	1	32.60871	0
4332	1	33.00952	0
4413	1	33.3675	0
4433	1	33.8025	0
4446	1	34.40608	0
4452	1	34.75188	0
4501	1	35.22782	0
2720	1	35.76792	.0000574
3991	1	36.30045	.0001141
4118	1	36.78264	.0005756
3864	1	37.18743	.001006
1822	1	37.70126	.0020989
3276	1	38.31664	.0034731
4011	1	39.0882	.0056064
1303	1	39.5028	.0069292
2805	1	40.17406	.0104983
2579	1	40.73873	.0141012
2022	1	41.42234	.0186015
2997	1	41.85746	.0232288
3614	1	42.50647	.0301305
3814	1	43.00584	.0354409
270	1	43.64338	.0435122
436	1	44.23633	.0523401
1415	1	44.73335	.0613254
935	1	45.3709	.0748851
1802	1	45.79203	.0838419
1853	1	46.40512	.0968814
4009	1	46.76678	.1050351
1152	1	47.44099	.1210817
1273	1	48.0088	.1348487
3825	1	48.59311	.1503832
4091	1	49.00403	.1613077
962	1	49.47018	.1751879
79	1	49.98676	.1916681
607	1	50.34227	.2030103
1261	1	50.81622	.2181305
1544	1	51.16545	.229272
1592	1	51.70863	.2466008
2972	1	52.10194	.2591486
3461	1	52.44447	.2700763
822	1	52.97425	.2875144
2078	1	53.52361	.3060922
1496	1	53.97184	.3228887
929	1	54.35675	.3374687
2395	1	54.84847	.3574439
1516	1	55.39577	.3804914
324	1	55.96749	.4108907
1272	1	56.55341	.442045
2935	1	56.98919	.465216
3314	1	57.7931	.5079615
4350	1	58.33756	.5369111
3208	1	58.92311	.5692317
118	1	59.3767	.5968731
2237	1	60.10683	.64346
2552	1	60.66647	.6814296
620	1	61.1186	.7126818
2146	1	61.56031	.7455633
2200	1	62.00534	.7786914
1184	1	62.41405	.8134626
2277	1	63.24114	.8838264
4199	1	63.90808	.9405658
508	1	64.39888	.9918199
8	1	64.86231	1.041102
562	1	65.32574	1.090384
1479	1	65.81759	1.142689
1663	1	66.39542	1.207211
4491	1	66.84167	1.259412
454	1	67.44864	1.333179
1859	1	67.92497	1.391939
4048	1	68.94837	1.518909
4439	1	69.55325	1.594297
1765	1	69.92783	1.642098
2864	1	70.38277	1.70025
1594	1	70.69244	1.740624
3662	1	71.18797	1.805866
3587	1	71.67587	1.877987
3727	1	72.024	1.933519
3639	1	72.5555	2.022337
1758	1	73.10098	2.11689
1383	1	73.71335	2.224161
2195	1	74.19742	2.312898
1574	1	74.61544	2.393338
818	1	75.0952	2.48905
160	1	75.54284	2.584256
3320	1	76.21362	2.727261
1531	1	76.80881	2.855116
1067	1	77.3118	2.972794
2253	1	77.89568	3.109395
2155	1	78.47491	3.249307
1474	1	78.58986	3.279623
3078	1	79.06764	3.406647
1788	1	79.70387	3.577082
488	1	80.22805	3.744309
1688	1	80.69946	3.894705
2189	1	81.28295	4.080853
4417	1	81.76408	4.234348
712	1	82.15804	4.360631
300	1	82.70306	4.537404
3023	1	83.09679	4.700341
4189	1	83.11213	4.7085
378	1	83.69585	5.018938
1585	1	84.11613	5.246555
3927	1	84.7848	5.609488
54	1	85.19579	5.857744
2820	1	85.81019	6.26874
4386	1	86.25407	6.575565
492	1	86.86401	7.006011
4518	1	87.27605	7.305595
1317	1	87.99117	7.907462
29	1	88.73206	8.630433
242	1	89.63754	9.518365
4120	1	90.4985	10.38817
392	1	90.55617	10.44949
3166	1	91.14912	11.08005
4299	1	91.63295	11.59457
4278	1	92.29107	12.32243
1969	1	92.77004	12.93366
4139	1	93.16929	13.51592
956	1	93.23572	13.62291
2209	1	93.88066	14.7562
2440	1	94.32216	15.65004
3281	1	94.39867	15.82742
1306	1	94.97448	17.29908
1145	1	95.49623	19.10232
1301	1	96.26097	21.86349
216	1	96.3302	22.12079
3955	1	96.34563	22.20726
1024	1	96.49001	23.24368
4354	1	96.98656	26.94173
2247	1	97.4576	31.3056
795	1	97.98358	39.51498
341	1	98.83485	59.87038
3810	1	99.08	66.7358
1908	1	99.88921	90.02695
1662	1	99.89144	90.09447
66	1	99.89468	90.29487
1773	1	99.89671	90.43034
740	1	99.99866	99.72794
3211	1	100	100
15	2	.0823301	0
97	2	.1464614	0
114	2	.2274491	0
158	2	.2907838	0
175	2	.3739448	0
253	2	.4661951	0
383	2	.5882195	0
407	2	.6880824	0
446	2	.7734982	0
455	2	.8641425	0
456	2	.9251005	0
461	2	1.02093	0
515	2	1.093046	0
575	2	1.208245	0
669	2	1.344713	0
690	2	1.437974	0
694	2	1.534337	0
737	2	1.647169	0
869	2	1.715742	0
882	2	1.78672	0
959	2	1.896523	0
991	2	1.984353	0
1044	2	2.083081	0
1064	2	2.141938	0
1365	2	2.252534	0
1389	2	2.32994	0
1408	2	2.414104	0
1541	2	2.490461	0
1679	2	2.607225	0
1703	2	2.669178	0
1792	2	2.773352	0
1827	2	2.916895	0
1846	2	3.018694	0
1864	2	3.126608	0
1978	2	3.200246	0
2021	2	3.288984	0
2160	2	3.362816	0
2177	2	3.456515	0
2192	2	3.504234	0
2318	2	3.571131	0
2412	2	3.654118	0
2464	2	3.723828	0
2491	2	3.792909	0
2547	2	3.888807	0
2712	2	3.976554	0
2839	2	4.054231	0
2918	2	4.119472	0
2931	2	4.250185	0
3074	2	4.327493	0
3087	2	4.397702	0
3118	2	4.469218	0
3215	2	4.548531	0
3323	2	4.65159	0
3337	2	4.753981	0
3389	2	4.827933	0
3437	2	4.936463	0
3478	2	5.004801	0
3506	2	5.076648	0
3515	2	5.142791	0
3552	2	5.197668	0
3570	2	5.272097	0
3644	2	5.329936	0
3742	2	5.409989	0
3787	2	5.520191	0
3807	2	5.661091	0
3898	2	5.732534	0
3944	2	5.83801	0
3967	2	5.915982	0
4014	2	5.981935	0
4043	2	6.060835	0
4081	2	6.118639	0
4231	2	6.216545	0
4245	2	6.284226	0
4250	2	6.362718	0
4270	2	6.452489	0
4318	2	6.521057	0
4346	2	6.624363	0
4356	2	6.744385	0
4404	2	6.845514	0
4429	2	6.919264	0
4438	2	7.022932	0
4454	2	7.093637	0
4482	2	7.167543	0
4488	2	7.241496	0
4509	2	7.312934	0
5	2	7.384243	1.98e-06
316	2	7.497904	5.14e-06
449	2	7.576025	7.31e-06
730	2	7.744653	.000012
1600	2	7.813848	.0000139
3272	2	7.901379	.0000163
3778	2	8.017928	.0000196
3869	2	8.155423	.0000234
2980	2	8.218639	.0000339
1399	2	8.276507	.0000452
83	2	8.401869	.000073
282	2	8.503457	.0000956
3580	2	8.627664	.0001266
246	2	8.687677	.0001433
2271	2	8.797353	.0001737
2658	2	8.862717	.0001919
3824	2	8.913996	.0002061
3981	2	8.975701	.0002233
3550	2	9.046522	.0002508
1883	2	9.230489	.0003238
4474	2	9.304975	.0003632
4032	2	9.406976	.0004198
4489	2	9.521448	.0004929
1970	2	9.644873	.0005752
2897	2	9.734069	.0006346
1417	2	9.808391	.0006883
1019	2	9.891848	.0007531
1764	2	9.994246	.0008384
3853	2	10.00879	.0008506
3151	2	10.08449	.0009199
4484	2	10.17824	.0010136
2181	2	10.29501	.001168
644	2	10.36617	.0012668
1071	2	10.48775	.0014356
3842	2	10.60737	.0016017
4110	2	10.71703	.0017539
4443	2	10.79308	.0018595
3429	2	10.86893	.0019901
749	2	10.94529	.0021343
2091	2	11.04366	.0023309
967	2	11.19912	.0026503
2439	2	11.2771	.0028322
4137	2	11.34528	.002995
850	2	11.42552	.0031911
932	2	11.50432	.003388
548	2	11.59465	.0036209
4456	2	11.66148	.0037954
2505	2	11.73368	.0039895
2602	2	11.85642	.0043203
189	2	11.93444	.0045369
396	2	12.05287	.0048658
398	2	12.11056	.005026
646	2	12.18451	.0052313
862	2	12.26301	.0054492
1289	2	12.34257	.0056702
1534	2	12.47114	.0060272
1670	2	12.54241	.006225
1842	2	12.54286	.0062263
2016	2	12.61337	.0064221
2536	2	12.70659	.0066809
2726	2	12.79896	.0069374
2881	2	12.89326	.0071992
3444	2	12.95594	.0073837
1475	2	13.03551	.0076223
3355	2	13.12932	.0079088
3092	2	13.19507	.0081133
2093	2	13.2544	.0083209
1753	2	13.315	.0085441
750	2	13.38934	.0088537
3900	2	13.5192	.0094011
687	2	13.61479	.0098435
1164	2	13.7362	.0104288
3053	2	13.81642	.0108208
2286	2	13.91051	.0112859
280	2	13.98982	.0116779
3275	2	14.07597	.0121084
290	2	14.14895	.0125137
486	2	14.26368	.0131508
803	2	14.32006	.0134639
899	2	14.39568	.0138839
1775	2	14.47865	.0143446
2035	2	14.56439	.0148207
2219	2	14.6378	.0152284
2434	2	14.74144	.0158039
3243	2	14.81482	.0162115
3592	2	14.95721	.0170022
3819	2	15.01613	.0173294
4505	2	15.14115	.0180236
509	2	15.2249	.0185302
4513	2	15.27886	.0188655
491	2	15.37402	.0194574
1458	2	15.45616	.0199774
1963	2	15.53462	.0204784
3657	2	15.60076	.0209071
1359	2	15.72129	.0217438
1401	2	15.82364	.0224542
2643	2	15.91683	.0231011
3697	2	16.08938	.024299
3775	2	16.1531	.0247413
3943	2	16.26541	.0255271
422	2	16.34678	.0261055
1720	2	16.462	.0269245
1797	2	16.55322	.027578
4183	2	16.62247	.0280914
1433	2	16.71157	.0287714
760	2	16.78088	.0293025
3452	2	16.84	.0297556
1424	2	16.92501	.0304189
2205	2	17.01136	.0311046
1227	2	17.17224	.0323992
424	2	17.34804	.0338193
1213	2	17.4309	.0345048
213	2	17.49567	.0350444
450	2	17.58542	.035792
1504	2	17.66168	.0364272
1751	2	17.77497	.0373709
1804	2	17.86812	.0381468
2057	2	17.9541	.0388631
2268	2	18.03546	.0395408
3716	2	18.11513	.0402044
4418	2	18.21286	.0410186
2331	2	18.28791	.0416687
4177	2	18.35914	.0423175
1264	2	18.48423	.043502
2793	2	18.5814	.0444301
250	2	18.6362	.0449627
2625	2	18.73541	.0459269
1003	2	18.82172	.0467848
1924	2	18.95956	.0482338
3726	2	19.01451	.0488166
3901	2	19.085	.0495669
257	2	19.17742	.0505933
819	2	19.25505	.0514555
827	2	19.38173	.0528625
1404	2	19.45	.0536207
1431	2	19.60272	.055317
2050	2	19.65558	.0559041
2829	2	19.78239	.0573125
3457	2	19.89317	.0585429
4520	2	19.97133	.059411
2899	2	20.06669	.0604727
831	2	20.15597	.0614891
3569	2	20.27041	.0628873
2266	2	20.3284	.0635974
3218	2	20.43767	.0649444
1249	2	20.55428	.0664015
3264	2	20.66793	.0678216
2959	2	20.75569	.0689376
3370	2	20.85609	.0702478
2157	2	20.93614	.0713063
4325	2	21.05775	.0729151
318	2	21.14736	.0741095
2874	2	21.27105	.0757875
226	2	21.34878	.076845
340	2	21.40668	.0776336
1459	2	21.51678	.0791476
535	2	21.57102	.0799006
648	2	21.69204	.0815807
1572	2	21.74484	.0823138
1693	2	21.85098	.0837873
2567	2	21.93447	.0849465
2576	2	22.08239	.087
3055	2	22.18095	.0883683
3098	2	22.28102	.0897577
3230	2	22.38377	.0911841
3557	2	22.4936	.0927089
3605	2	22.57741	.0938726
4149	2	22.6458	.094822
4321	2	22.76198	.0964349
4447	2	22.82537	.0973151
2287	2	22.8889	.0982094
1676	2	22.99554	.0997462
2148	2	23.07953	.1009776
3258	2	23.22194	.1030771
2085	2	23.3434	.1049079
307	2	23.40479	.1058454
1750	2	23.47969	.1070102
722	2	23.56032	.1082996
633	2	23.69074	.1103928
586	2	23.82442	.1125678
149	2	23.93769	.1144549
1564	2	24.016	.1157595
1785	2	24.07987	.1168237
2095	2	24.20247	.1188662
2377	2	24.28642	.1202648
3376	2	24.38292	.1218724
381	2	24.47279	.1234172
143	2	24.5571	.1248685
1165	2	24.64037	.1263252
950	2	24.73082	.1280028
2206	2	24.82493	.129806
1692	2	24.97647	.1327514
2165	2	25.09701	.1350942
2194	2	25.17875	.136683
2654	2	25.23418	.1377604
3503	2	25.29605	.1389629
4153	2	25.3782	.1405597
614	2	25.49261	.1428287
1740	2	25.60439	.145061
1608	2	25.69888	.14699
4464	2	25.80444	.1491813
2129	2	25.88256	.1508082
3719	2	26.00601	.153379
1255	2	26.10242	.1554243
3344	2	26.23905	.1583598
3878	2	26.34938	.1607377
3335	2	26.44025	.1627142
3809	2	26.55644	.1652555
1917	2	26.68576	.1681281
94	2	26.75798	.1697322
704	2	26.89762	.1728341
1609	2	26.97775	.174614
2466	2	27.06858	.1766318
2872	2	27.16286	.1787261
3919	2	27.2457	.1805661
4468	2	27.31236	.1820468
2989	2	27.41081	.1842556
598	2	27.49858	.1862295
298	2	27.63378	.189383
268	2	27.72668	.1915755
2382	2	27.81097	.193565
4348	2	27.91763	.1961001
1892	2	27.99975	.1980599
2104	2	28.10206	.2005288
838	2	28.21027	.2031614
3584	2	28.31411	.2056927
3283	2	28.38192	.2073672
1153	2	28.38609	.2074706
2150	2	28.50286	.2103886
3022	2	28.59936	.2128002
3498	2	28.69838	.2152747
3756	2	28.76851	.2170271
2979	2	28.83248	.2186426
3579	2	28.96902	.2222229
352	2	29.0517	.2244041
1611	2	29.15038	.2270787
1181	2	29.22949	.2292596
188	2	29.34545	.2324794
214	2	29.43201	.234883
738	2	29.5598	.2384312
2451	2	29.68139	.2418074
2917	2	29.74593	.2435992
3076	2	29.8593	.2467474
3263	2	29.99477	.2505089
3363	2	30.07035	.2526073
3759	2	30.17531	.2555216
4029	2	30.28626	.2586024
4039	2	30.38539	.2613549
4109	2	30.49097	.2642864
2850	2	30.59167	.2670995
3953	2	30.71501	.270555
3342	2	30.82666	.2736861
2677	2	30.89245	.2755348
1950	2	30.95784	.2773935
2958	2	31.04425	.27985
1873	2	31.17357	.28354
2786	2	31.27307	.2863853
4010	2	31.4098	.2902958
3647	2	31.51695	.2933842
525	2	31.58484	.295359
3412	2	31.73191	.2997122
2578	2	31.83662	.3028335
3695	2	31.92142	.3053761
2551	2	32.03551	.3088402
2126	2	32.09972	.3108011
132	2	32.20483	.3140255
1722	2	32.27403	.3161774
3936	2	32.37624	.3193802
1248	2	32.47269	.3224156
3627	2	32.54993	.3248605
3677	2	32.64031	.327731
37	2	32.71076	.3299759
2182	2	32.82702	.3336883
2736	2	32.88987	.3356951
3039	2	33.0409	.340528
1588	2	33.13786	.3436687
546	2	33.21584	.3462049
272	2	33.33729	.3502519
295	2	33.41851	.352958
582	2	33.49517	.3555123
977	2	33.58361	.358459
3930	2	33.68306	.3617727
4082	2	33.76792	.3646002
356	2	33.86424	.3678284
3871	2	33.94374	.3704929
2968	2	34.08036	.3752345
1083	2	34.17252	.3784587
2138	2	34.23668	.380741
1777	2	34.38652	.3861707
678	2	34.45419	.3886313
1571	2	34.53639	.3916484
3997	2	34.66382	.396366
1513	2	34.76958	.4003304
1523	2	34.85712	.4036295
3954	2	34.96148	.4075617
2173	2	35.03736	.4104232
2916	2	35.15392	.4148849
4507	2	35.21144	.4170906
1844	2	35.30112	.4205765
2196	2	35.3969	.4244328
4033	2	35.50086	.4287119
2476	2	35.61366	.4333596
949	2	35.70544	.4371824
1438	2	35.82705	.4422473
1698	2	35.9145	.4458895
2363	2	35.97826	.4485453
2483	2	36.12647	.4547182
2810	2	36.22171	.458685
3006	2	36.30505	.4621557
3292	2	36.38416	.4654507
3367	2	36.39456	.4658841
3834	2	36.48924	.4698276
3840	2	36.63243	.4757911
4121	2	36.74206	.4803571
4379	2	36.86106	.4853134
4510	2	36.97219	.4899424
3625	2	37.03114	.4924103
530	2	37.10749	.4956209
3325	2	37.20964	.4999889
3073	2	37.31841	.5047344
1441	2	37.38554	.5077169
2225	2	37.47287	.5115967
3141	2	37.56263	.5155845
1221	2	37.68946	.5212684
1239	2	37.81598	.5269662
1467	2	37.91972	.5316907
4308	2	38.03357	.536894
1217	2	38.07301	.538719
3833	2	38.16806	.5432059
4502	2	38.29948	.5494093
2242	2	38.41523	.5549189
1716	2	38.42365	.5553208
3615	2	38.53125	.5605137
1781	2	38.63174	.5654297
4306	2	38.72422	.5699958
1464	2	38.81831	.5746983
2430	2	38.89227	.5783948
2774	2	38.99508	.5835328
1358	2	39.07172	.5873659
3113	2	39.13791	.5907087
4310	2	39.21833	.5947816
2106	2	39.34166	.6010965
1779	2	39.42252	.6052982
2933	2	39.50546	.6096599
229	2	39.63899	.6167043
2517	2	39.75864	.6230167
3632	2	39.85036	.6278678
4320	2	39.90805	.6309699
1113	2	40.03158	.6376666
3199	2	40.11114	.6420833
495	2	40.20268	.6471668
812	2	40.37848	.6569299
1443	2	40.44468	.6606061
2216	2	40.54673	.6662729
2688	2	40.67691	.6735026
3109	2	40.80053	.6803674
3131	2	40.88404	.6850048
3490	2	40.99283	.6910464
3565	2	41.07455	.6955844
3757	2	41.18222	.7015635
828	2	41.29473	.7078272
3908	2	41.38315	.7128659
3616	2	41.52994	.7212406
709	2	41.64799	.7279838
1451	2	41.7184	.732033
1639	2	41.81202	.7374282
4393	2	41.88947	.7419444
3508	2	41.96571	.746505
3588	2	42.03687	.7507824
3219	2	42.11032	.7552693
3993	2	42.16271	.7584812
1707	2	42.26333	.7646624
1807	2	42.34658	.7698633
2930	2	42.42705	.7748908
2814	2	42.50637	.7798598
1002	2	42.63511	.7879279
2368	2	42.72124	.7934283
4515	2	42.83991	.8010701
629	2	42.95335	.8083892
3398	2	43.07475	.8162303
1106	2	43.17772	.8231953
2834	2	43.2547	.8284466
2098	2	43.35621	.8354594
431	2	43.46894	.8432844
686	2	43.47755	.843882
764	2	43.55525	.8492758
894	2	43.60613	.8528075
2527	2	43.70004	.8593268
2548	2	43.7905	.8656064
3876	2	43.88907	.8724486
4157	2	43.99548	.8798352
3048	2	44.10544	.8875408
3465	2	44.19532	.8938498
513	2	44.26366	.8987111
2934	2	44.35656	.9054299
91	2	44.49229	.9152998
1419	2	44.6109	.9239596
1657	2	44.7116	.9313869
1563	2	44.82198	.93956
653	2	44.88626	.9443786
4106	2	44.963	.9502425
1305	2	45.03746	.9560369
2452	2	45.14294	.9642677
2037	2	45.29351	.9761315
4378	2	45.38143	.9830601
2408	2	45.47796	.9907439
1789	2	45.57246	.998406
3722	2	45.6647	1.006041
125	2	45.79016	1.016491
588	2	45.86508	1.022732
1090	2	45.97898	1.03222
1955	2	46.07084	1.039871
2201	2	46.13118	1.044898
2314	2	46.20506	1.051052
2624	2	46.32677	1.06119
1435	2	46.45228	1.071828
3812	2	46.53054	1.078565
2906	2	46.64651	1.088573
310	2	46.77719	1.09989
107	2	46.78738	1.100783
1944	2	46.88839	1.109672
1954	2	46.96069	1.116041
3931	2	47.07068	1.125785
523	2	47.08256	1.126852
2516	2	47.15286	1.133175
4344	2	47.28024	1.14467
335	2	47.39811	1.155517
3312	2	47.52684	1.167399
1886	2	47.60257	1.174485
1732	2	47.70599	1.184364
1168	2	47.80492	1.193827
2391	2	47.90627	1.203542
136	2	47.97458	1.210105
1783	2	48.08566	1.2209
4333	2	48.14499	1.226667
3925	2	48.23899	1.236088
1860	2	48.31013	1.243396
853	2	48.4137	1.254146
1421	2	48.47734	1.260764
1251	2	48.54074	1.267424
3924	2	48.64474	1.278362
1062	2	48.75588	1.290089
3538	2	48.86247	1.301448
555	2	48.96439	1.312428
3886	2	49.11956	1.329253
2364	2	49.25256	1.343764
965	2	49.32235	1.351384
1280	2	49.39426	1.359261
647	2	49.47913	1.368564
763	2	49.60017	1.381848
174	2	49.70665	1.393673
1893	2	49.82461	1.406775
4116	2	49.94569	1.420223
2002	2	50.03237	1.429946
2137	2	50.04593	1.431489
3564	2	50.15021	1.443704
4307	2	50.22973	1.45303
3729	2	50.30511	1.46189
2010	2	50.44255	1.478126
1501	2	50.59377	1.496021
1737	2	50.73107	1.512323
3496	2	50.86119	1.527877
507	2	50.96389	1.540171
662	2	51.07885	1.553997
2623	2	51.18005	1.566197
585	2	51.27095	1.577303
4175	2	51.37703	1.590538
483	2	51.47324	1.602559
3408	2	51.57395	1.615142
4499	2	51.58202	1.616156
4224	2	51.71188	1.632526
1489	2	51.83677	1.648477
3779	2	51.94983	1.663044
276	2	52.07592	1.679315
2796	2	52.17831	1.692535
3678	2	52.21301	1.697046
780	2	52.28521	1.706468
2441	2	52.36498	1.716917
221	2	52.43135	1.72567
202	2	52.54483	1.740786
275	2	52.66047	1.756198
1369	2	52.74728	1.767838
412	2	52.85772	1.782666
2457	2	53.00817	1.803394
2577	2	53.10582	1.816895
683	2	53.21312	1.831792
2803	2	53.33295	1.848428
2954	2	53.41208	1.859413
2971	2	53.47847	1.86863
4383	2	53.58269	1.8831
4328	2	53.70132	1.899636
1701	2	53.80413	1.914193
3942	2	53.93765	1.933416
2798	2	54.01503	1.944568
2929	2	54.13763	1.962278
1378	2	54.24354	1.977691
2947	2	54.30988	1.987358
2500	2	54.40646	2.001587
186	2	54.50925	2.017053
1621	2	54.6134	2.032807
1356	2	54.73049	2.050689
1552	2	54.80452	2.061994
2669	2	54.91742	2.079236
4083	2	55.02698	2.095967
2649	2	55.10234	2.107495
1712	2	55.25713	2.131258
945	2	55.35978	2.147207
3707	2	55.45932	2.162699
1653	2	55.55777	2.17828
1938	2	55.74172	2.2077
4072	2	55.85557	2.226034
1449	2	55.94399	2.240299
2119	2	56.0738	2.261272
3434	2	56.18514	2.279516
3112	2	56.29741	2.298157
2537	2	56.31981	2.301885
384	2	56.36298	2.309076
494	2	56.46154	2.325496
1956	2	56.5597	2.34185
2031	2	56.69506	2.3644
3155	2	56.76501	2.376054
2652	2	56.8015	2.382225
103	2	56.92161	2.402605
503	2	57.00462	2.416829
3167	2	57.07679	2.429209
4319	2	57.15099	2.442188
4448	2	57.25195	2.459907
1230	2	57.36605	2.480002
3870	2	57.49887	2.503464
1078	2	57.57798	2.517581
3909	2	57.66208	2.532604
3683	2	57.75483	2.549227
1536	2	57.8293	2.562667
1665	2	57.92225	2.579443
999	2	57.94764	2.584093
1081	2	57.9589	2.586161
148	2	58.04569	2.602204
718	2	58.15624	2.62277
3232	2	58.22043	2.634712
3830	2	58.32892	2.65493
567	2	58.46967	2.681272
1940	2	58.47357	2.682009
3088	2	58.55361	2.697254
2645	2	58.5653	2.699486
2403	2	58.67561	2.720748
1179	2	58.80178	2.745204
361	2	58.89204	2.762714
1724	2	59.02489	2.788509
140	2	59.12845	2.808639
2920	2	59.21956	2.826348
1047	2	59.31938	2.846026
2530	2	59.43708	2.86923
4371	2	59.48222	2.87851
2603	2	59.60783	2.904386
856	2	59.71504	2.926712
4283	2	59.81397	2.947563
569	2	59.98653	2.984068
1871	2	60.11195	3.010601
3977	2	60.18985	3.027108
48	2	60.30416	3.051605
3838	2	60.41312	3.075136
1672	2	60.53686	3.10187
274	2	60.66889	3.130501
2758	2	60.77869	3.154847
1092	2	60.89788	3.181323
3621	2	60.98697	3.201194
1865	2	61.14807	3.237236
911	2	61.26848	3.264429
1717	2	61.43067	3.301484
1713	2	61.53227	3.324737
2636	2	61.6315	3.347936
2794	2	61.69661	3.363302
1282	2	61.77756	3.382445
108	2	61.87822	3.406295
3604	2	61.99006	3.433239
2313	2	62.08842	3.45715
1063	2	62.10264	3.460624
2303	2	62.17648	3.478859
3694	2	62.26509	3.500757
3854	2	62.34974	3.5219
3573	2	62.44895	3.546731
1947	2	62.5087	3.561718
88	2	62.60888	3.587097
2495	2	62.69032	3.607762
1085	2	62.80652	3.637261
2183	2	62.89893	3.660868
3474	2	62.93427	3.669894
1197	2	63.02704	3.693631
1595	2	63.1138	3.716115
3459	2	63.13193	3.72086
3040	2	63.1432	3.723831
2366	2	63.20761	3.740891
1578	2	63.29314	3.76369
833	2	63.37117	3.784593
123	2	63.48279	3.81556
677	2	63.58112	3.842863
1736	2	63.66719	3.866763
2038	2	63.87776	3.92523
3371	2	63.97125	3.951189
3951	2	64.07616	3.980319
2311	2	64.09096	3.984456
1916	2	64.21878	4.020352
501	2	64.32457	4.050077
566	2	64.41503	4.075853
3291	2	64.47063	4.091878
1879	2	64.56078	4.117972
3480	2	64.57412	4.121861
3675	2	64.66061	4.147097
4402	2	64.72224	4.165196
3483	2	64.79121	4.185501
609	2	64.9095	4.220786
3808	2	65.0092	4.251106
1743	2	65.12992	4.287977
3989	2	65.22309	4.316435
3961	2	65.29487	4.338547
1388	2	65.37627	4.363678
2402	2	65.44397	4.384802
3820	2	65.55615	4.419998
4018	2	65.55923	4.420988
4227	2	65.65894	4.453104
2426	2	65.74373	4.480649
2339	2	65.8195	4.505369
3402	2	65.89986	4.531962
2597	2	66.00193	4.566359
830	2	66.02323	4.573717
685	2	66.17735	4.627217
847	2	66.19895	4.634715
1745	2	66.33337	4.681596
3301	2	66.42429	4.713812
3119	2	66.51789	4.746996
2565	2	66.63477	4.788537
2252	2	66.66705	4.80005
3799	2	66.81189	4.852057
1038	2	66.98727	4.915179
1801	2	67.05676	4.940259
938	2	67.15573	4.975998
3641	2	67.26671	5.016677
3497	2	67.41492	5.071411
3659	2	67.52802	5.11333
2575	2	67.53822	5.117116
2429	2	67.66534	5.164647
3848	2	67.75712	5.199329
1633	2	67.86633	5.240703
4343	2	67.95862	5.27573
915	2	68.05585	5.312759
4252	2	68.14531	5.346846
1316	2	68.24838	5.386914
3485	2	68.37769	5.43718
3139	2	68.48914	5.480564
265	2	68.58364	5.517405
4457	2	68.71075	5.567172
4117	2	68.85065	5.622047
2804	2	68.95152	5.661886
334	2	69.13549	5.735479
3247	2	69.19745	5.760402
2695	2	69.32055	5.810046
664	2	69.46082	5.866797
4326	2	69.53596	5.897261
2851	2	69.604	5.92488
4154	2	69.77999	5.99648
359	2	69.89384	6.043054
53	2	69.98365	6.079907
1011	2	70.08436	6.121785
2795	2	70.14745	6.148063
3607	2	70.21869	6.178031
4409	2	70.22315	6.179931
3200	2	70.36406	6.24037
1000	2	70.52022	6.307637
2535	2	70.64207	6.36016
1882	2	70.74815	6.406274
3004	2	70.84616	6.448894
1590	2	70.98211	6.508032
3813	2	71.08318	6.552016
2670	2	71.15932	6.585436
3770	2	71.25192	6.626382
3923	2	71.34525	6.668158
3224	2	71.45272	6.716804
3216	2	71.50551	6.740799
2223	2	71.61493	6.790802
2684	2	71.77199	6.864146
430	2	71.90456	6.92672
1387	2	72.00297	6.973173
3377	2	72.06846	7.004086
2267	2	72.17892	7.056302
3060	2	72.36413	7.144754
1725	2	72.46117	7.191332
2427	2	72.56878	7.24346
1073	2	72.62352	7.269992
2504	2	72.7274	7.320422
2485	2	72.86575	7.387648
1690	2	72.94682	7.427141
1250	2	73.05316	7.47952
2878	2	73.12158	7.513284
1868	2	73.21243	7.558687
3661	2	73.3323	7.618969
1361	2	73.43029	7.668333
4483	2	73.43497	7.670695
3527	2	73.55611	7.731881
2454	2	73.6333	7.771123
117	2	73.77549	7.843693
429	2	73.77848	7.845233
3099	2	73.8848	7.90064
2076	2	73.98876	7.95514
1195	2	74.03737	7.980781
1655	2	74.15127	8.040871
2357	2	74.24171	8.088584
4381	2	74.28737	8.112724
4423	2	74.34911	8.145783
2799	2	74.52348	8.240199
1629	2	74.53395	8.245883
3130	2	74.67192	8.320787
1711	2	74.8	8.390637
3365	2	74.95055	8.473243
1344	2	75.08063	8.544659
2145	2	75.17581	8.597367
2950	2	75.28823	8.659677
2147	2	75.37334	8.706886
3358	2	75.46569	8.758222
906	2	75.55546	8.808365
1130	2	75.6674	8.871519
185	2	75.75627	8.92187
228	2	75.78312	8.937083
2749	2	75.88669	8.996523
144	2	75.98878	9.055187
998	2	76.16978	9.159386
3418	2	76.17007	9.159552
1061	2	76.33177	9.254739
2069	2	76.45611	9.328012
3620	2	76.51492	9.362786
3144	2	76.64845	9.44216
2944	2	76.76186	9.50963
281	2	76.89442	9.588593
589	2	76.99158	9.646599
442	2	77.02468	9.666373
2538	2	77.12852	9.72961
267	2	77.29022	9.828391
777	2	77.30717	9.838747
389	2	77.38226	9.885016
2656	2	77.51882	9.969435
2118	2	77.6203	10.03255
2791	2	77.62067	10.03279
961	2	77.72349	10.09801
681	2	77.82898	10.16522
2995	2	77.92364	10.2257
3957	2	77.98972	10.26816
623	2	78.11509	10.35018
4178	2	78.18046	10.39375
3212	2	78.28482	10.46382
4337	2	78.36536	10.51791
2984	2	78.46181	10.58353
1146	2	78.47753	10.5943
592	2	78.60176	10.68053
1137	2	78.6711	10.72866
4458	2	78.79338	10.81358
4060	2	78.89664	10.88567
3217	2	78.90157	10.88912
2693	2	79.05094	10.99363
349	2	79.08166	11.01526
883	2	79.19279	11.09413
192	2	79.27534	11.1542
3724	2	79.3047	11.17575
1453	2	79.40298	11.24865
3145	2	79.54676	11.35534
2999	2	79.57335	11.37527
4101	2	79.64269	11.42823
2861	2	79.78141	11.5353
3839	2	79.91899	11.64154
493	2	80.00916	11.71165
4073	2	80.15326	11.82367
4063	2	80.27357	11.91749
2561	2	80.37952	12.00055
4364	2	80.45195	12.05744
293	2	80.51256	12.1058
964	2	80.58422	12.163
1190	2	80.72681	12.27749
3880	2	80.83088	12.36136
544	2	80.85411	12.38008
3489	2	80.86613	12.38978
3214	2	81.01296	12.50865
305	2	81.10896	12.58759
3905	2	81.2174	12.67792
1363	2	81.37632	12.81191
3261	2	81.46702	12.8893
4080	2	81.47009	12.89194
3395	2	81.63661	13.03527
60	2	81.76634	13.14738
1910	2	81.88322	13.25025
4028	2	81.96645	13.32416
1075	2	82.09306	13.43825
3362	2	82.21768	13.55269
86	2	82.21964	13.55449
3350	2	82.30775	13.63618
1731	2	82.38123	13.70452
1935	2	82.46089	13.77868
745	2	82.60464	13.91767
173	2	82.69994	14.01066
1820	2	82.83463	14.144
1471	2	82.9075	14.21715
1841	2	82.9837	14.29433
3204	2	82.99352	14.30428
1660	2	83.08444	14.39661
2790	2	83.17362	14.48752
3196	2	83.34713	14.66646
4045	2	83.3475	14.66686
1606	2	83.42226	14.74525
2044	2	83.49802	14.82646
3044	2	83.57903	14.9172
1931	2	83.68089	15.03172
2557	2	83.76498	15.12656
4185	2	83.87537	15.25223
1738	2	84.00716	15.4023
2207	2	84.08803	15.49441
2836	2	84.21441	15.63865
731	2	84.33148	15.77332
3381	2	84.43916	15.89745
3311	2	84.49441	15.96161
3290	2	84.55546	16.03372
1866	2	84.73341	16.24567
1992	2	84.83501	16.36726
2316	2	84.92698	16.47773
2568	2	84.94812	16.50319
534	2	85.06483	16.64942
867	2	85.07291	16.65955
366	2	85.09969	16.69352
2895	2	85.18576	16.80301
2570	2	85.3241	16.98758
984	2	85.4789	17.19674
3256	2	85.60366	17.36717
4094	2	85.70982	17.51486
1286	2	85.80168	17.64306
3562	2	85.8224	17.67229
1833	2	85.94299	17.84511
1798	2	85.96468	17.87645
1223	2	86.06788	18.03009
464	2	86.17065	18.18418
2294	2	86.18085	18.19947
441	2	86.28068	18.34958
4421	2	86.37959	18.49838
375	2	86.44712	18.60012
4232	2	86.53857	18.74002
1176	2	86.63243	18.88389
1196	2	86.73441	19.04169
590	2	86.83336	19.19539
3507	2	86.9485	19.37762
3706	2	87.0433	19.52828
3419	2	87.09135	19.60478
1982	2	87.09995	19.6185
1839	2	87.16665	19.72591
3638	2	87.26598	19.88746
2544	2	87.33405	19.99871
972	2	87.43986	20.17302
26	2	87.51223	20.29272
4067	2	87.62652	20.48567
1843	2	87.72901	20.65906
596	2	87.83607	20.84222
2709	2	87.92837	21.00015
2731	2	88.00414	21.13007
3153	2	88.08994	21.27726
691	2	88.21303	21.48852
1721	2	88.31246	21.65969
697	2	88.42007	21.84652
1076	2	88.49852	21.98465
1253	2	88.57836	22.12688
2540	2	88.66304	22.27863
910	2	88.6808	22.31068
3471	2	88.68102	22.31107
1828	2	88.74816	22.43233
1648	2	88.84239	22.60371
1287	2	88.93781	22.77778
3345	2	89.05023	22.98399
2744	2	89.18323	23.23085
1930	2	89.29455	23.43854
3559	2	89.39763	23.63213
134	2	89.40108	23.63863
1204	2	89.46005	23.74982
1766	2	89.56766	23.95391
3760	2	89.66801	24.14476
3491	2	89.75777	24.31709
1510	2	89.91402	24.61913
4069	2	90.07047	24.9224
2269	2	90.18873	25.15404
3438	2	90.39547	25.56161
1652	2	90.50969	25.78891
1889	2	90.60052	25.97049
2755	2	90.71633	26.20248
1006	2	90.8078	26.38914
4301	2	90.8224	26.41912
783	2	90.94363	26.66829
2632	2	91.00111	26.78677
3933	2	91.11103	27.01501
793	2	91.12859	27.05151
3643	2	91.2094	27.21981
3934	2	91.28683	27.38321
2005	2	91.36389	27.54704
3904	2	91.3796	27.58065
637	2	91.39152	27.60628
4186	2	91.51757	27.879
3529	2	91.57337	28.00001
533	2	91.66194	28.1944
1480	2	91.74829	28.38427
4077	2	91.85358	28.61653
2001	2	91.91287	28.75034
1849	2	92.08826	29.15013
3282	2	92.18629	29.37527
1393	2	92.1949	29.39511
2114	2	92.31796	29.67986
399	2	92.33256	29.71398
2644	2	92.33429	29.71806
3054	2	92.40132	29.87655
1226	2	92.50781	30.12957
3306	2	92.59049	30.32695
4428	2	92.62698	30.41428
3205	2	92.74035	30.68642
919	2	92.88351	31.03689
937	2	92.96862	31.24574
1900	2	93.06297	31.47734
266	2	93.17439	31.75359
4184	2	93.26983	31.99097
3773	2	93.35414	32.20267
462	2	93.443	32.43156
4243	2	93.44695	32.4418
1412	2	93.53559	32.67605
1836	2	93.64619	32.96878
3242	2	93.71036	33.14134
1503	2	93.86092	33.54807
1240	2	93.9687	33.84476
133	2	93.98441	33.88814
4240	2	94.10982	34.23676
2274	2	94.14025	34.32146
4391	2	94.2553	34.65111
4400	2	94.28194	34.72783
1021	2	94.35204	34.93153
2617	2	94.35535	34.94117
2911	2	94.4483	35.21629
3859	2	94.56545	35.56469
317	2	94.56995	35.57807
4370	2	94.6867	35.93035
4422	2	94.71394	36.01303
477	2	94.73552	36.07893
3126	2	94.8043	36.29232
1934	2	95.01624	36.97815
1054	2	95.0925	37.22791
2096	2	95.19372	37.55942
908	2	95.21036	37.61417
3912	2	95.29857	37.9056
466	2	95.37443	38.15738
2725	2	95.38499	38.19291
151	2	95.47453	38.50313
1641	2	95.61211	38.98534
1135	2	95.76268	39.52137
2866	2	95.81855	39.72344
4223	2	95.92548	40.11787
4247	2	96.03607	40.53777
571	2	96.046	40.57584
2773	2	96.12177	40.87316
3347	2	96.17378	41.07811
1704	2	96.30283	41.60365
3187	2	96.41325	42.05378
2676	2	96.56382	42.67936
1545	2	96.56965	42.70383
568	2	96.58673	42.77655
30	2	96.67078	43.13473
3783	2	96.71855	43.34692
2763	2	96.81075	43.76639
993	2	96.82606	43.8368
4225	2	96.88185	44.09409
1241	2	96.88553	44.11182
3887	2	96.97014	44.52041
1360	2	96.98569	44.59747
978	2	97.07478	45.05643
3466	2	97.0905	45.13925
2220	2	97.09769	45.18026
4382	2	97.20507	45.79587
346	2	97.21808	45.873
3262	2	97.31564	46.45264
1416	2	97.34229	46.61533
2218	2	97.46967	47.40245
16	2	97.56108	47.97061
1538	2	97.57164	48.03657
3835	2	97.62415	48.37922
1914	2	97.69993	48.90042
4389	2	97.82086	49.77475
3712	2	97.83143	49.85286
2953	2	97.93945	50.70689
790	2	98.06284	51.68879
111	2	98.16197	52.49033
1851	2	98.25434	53.2477
872	2	98.3576	54.10615
1033	2	98.48672	55.20187
2228	2	98.5625	55.85135
4486	2	98.63099	56.48529
1059	2	98.68945	57.04496
579	2	98.77017	57.89764
841	2	98.86185	58.8889
235	2	98.90721	59.38106
2083	2	98.90766	59.3863
1565	2	98.91389	59.45805
1331	2	98.91905	59.52058
3949	2	98.94249	59.80502
1465	2	98.98854	60.3752
3767	2	98.99311	60.43571
4401	2	98.99711	60.49261
4466	2	99.09989	61.97951
3572	2	99.20858	63.64611
232	2	99.23289	64.03607
104	2	99.25198	64.35316
2175	2	99.30947	65.3315
52	2	99.35623	66.2374
3348	2	99.36105	66.33979
2305	2	99.38743	66.90768
1362	2	99.41434	67.50431
732	2	99.4408	68.11321
3353	2	99.47225	68.86708
3889	2	99.47771	69.00009
345	2	99.4782	69.0123
2937	2	99.48136	69.0916
934	2	99.48637	69.22045
4403	2	99.48677	69.23138
1984	2	99.50137	69.63847
550	2	99.50166	69.64672
182	2	99.50608	69.7726
2942	2	99.50649	69.78426
842	2	99.54438	70.95036
558	2	99.54466	70.95955
2392	2	99.54495	70.96904
741	2	99.54936	71.11652
474	2	99.76131	78.84019
1920	2	99.76168	78.85413
2300	2	99.76219	78.8744
1150	2	99.81075	80.85327
4112	2	99.81103	80.86467
1266	2	99.82941	81.65627
2506	2	99.83579	81.96815
1089	2	99.84319	82.34212
3011	2	99.86356	83.41431
3676	2	99.86396	83.4378
3790	2	99.86445	83.46835
2922	2	99.86485	83.49591
1310	2	99.86804	83.72379
57	2	99.87118	83.96121
2033	2	99.89371	85.78548
3064	2	99.89417	85.82301
3847	2	99.92437	88.47261
3915	2	99.92467	88.49918
4412	2	99.92925	88.9152
2811	2	99.92974	88.96881
2703	2	99.9564	91.9803
3254	2	99.95679	92.02674
478	2	99.99208	96.79763
1109	2	99.99685	97.46163
89	2	99.99688	97.46639
2055	2	99.99718	97.52082
542	2	99.99763	97.61475
2263	2	99.99793	97.70336
4519	2	99.99798	97.71899
3046	2	99.99828	97.83246
1211	2	99.99872	98.06836
1517	2	99.99907	98.27141
365	2	99.9995	98.59282
1658	2	99.99957	98.71037
2846	2	100	100
657	3	.1737253	0
1885	3	.2596396	0
4435	3	.3637995	0
1426	3	.5569422	8.53e-07
3918	3	.6733258	4.97e-06
3346	3	.7993889	.0000105
3566	3	.9815526	.0000202
2423	3	1.120418	.0000447
1901	3	1.358839	.0000974
3094	3	1.466038	.0001258
1037	3	1.643207	.000179
3567	3	1.766838	.000218
1269	3	1.939727	.0002746
1207	3	2.070935	.0003325
4436	3	2.234749	.0004049
1069	3	2.32851	.0004493
4296	3	2.401729	.0004855
2783	3	2.490166	.0005464
4460	3	2.583597	.0006152
615	3	2.718865	.0007347
2945	3	2.854976	.000855
1872	3	2.948044	.0009431
1945	3	3.087255	.0010771
2298	3	3.201859	.0012097
4191	3	3.343215	.0013881
3789	3	3.458982	.001535
3739	3	3.574643	.0016882
2094	3	3.725905	.001911
439	3	3.8855	.0022192
2520	3	4.015855	.0024898
1625	3	4.134261	.0027513
1542	3	4.279205	.0030806
1767	3	4.423971	.0034278
4084	3	4.576216	.0037928
325	3	4.724777	.0041538
159	3	4.826056	.0044152
2443	3	4.900837	.0046092
2653	3	5.065783	.0050391
2198	3	5.259995	.0055539
358	3	5.41	.0059521
3868	3	5.550593	.0063868
658	3	5.727171	.0069334
2039	3	5.874308	.0074364
1186	3	6.044577	.0080381
2716	3	6.199719	.0085864
1847	3	6.304759	.00899
3107	3	6.494253	.0097434
4289	3	6.603686	.0101785
3777	3	6.86049	.0112859
3427	3	7.040425	.0120807
3686	3	7.192516	.0127526
711	3	7.372303	.0135626
2245	3	7.587596	.0145476
2446	3	7.710849	.015131
1093	3	7.919618	.0161454
809	3	8.050896	.0167999
3231	3	8.191423	.0175237
639	3	8.291453	.0180407
1547	3	8.450557	.0188774
17	3	8.557987	.0194468
364	3	8.704844	.0202253
4046	3	8.82134	.0208428
3328	3	8.928609	.0214284
3636	3	8.941061	.0214965
1187	3	9.082195	.0223307
4440	3	9.217624	.0231312
3114	3	9.316664	.0237875
4135	3	9.504501	.0250321
3095	3	9.591563	.0256136
746	3	9.719045	.0264816
197	3	9.898358	.0277094
240	3	9.985528	.0283101
2401	3	10.15026	.0294613
3192	3	10.31304	.0306118
4287	3	10.31824	.0306494
771	3	10.47752	.031816
2041	3	10.57976	.0326027
2132	3	10.70818	.0336158
3903	3	10.79453	.0343024
2526	3	10.96856	.0357301
636	3	11.05713	.0364578
2373	3	11.19534	.0376498
2509	3	11.3106	.0386511
719	3	11.49051	.040216
1246	3	11.64423	.041574
1965	3	11.89633	.0438012
2168	3	12.02925	.0449756
1756	3	12.18742	.0463865
4000	3	12.36338	.0479566
1095	3	12.49438	.0491279
1994	3	12.70714	.0510714
3897	3	12.84552	.0523522
762	3	12.98799	.0536738
2414	3	13.17316	.0554656
997	3	13.19165	.0556453
1795	3	13.32706	.0569669
2222	3	13.43179	.058035
233	3	13.57413	.0595441
2604	3	13.701	.060889
3714	3	13.73696	.0612721
2982	3	13.89576	.062988
1040	3	13.91937	.0632487
2359	3	14.07199	.0649342
3387	3	14.19318	.0662724
3252	3	14.30974	.06757
2128	3	14.44744	.0691051
3441	3	14.68911	.0719064
2512	3	14.78375	.0730352
2699	3	14.95815	.0751153
4031	3	15.13302	.0772009
3796	3	15.23548	.0784243
2212	3	15.29016	.079088
1060	3	15.45823	.0811657
2991	3	15.61981	.0832926
583	3	15.77571	.0853586
2549	3	15.91736	.0872358
2925	3	16.02872	.0887117
4485	3	16.14841	.0902978
2666	3	16.26776	.0918796
3308	3	16.38355	.0934385
1420	3	16.56771	.0959371
3193	3	16.81869	.0993423
3679	3	16.95786	.1012355
3012	3	17.08703	.1030307
3157	3	17.23591	.1051462
4142	3	17.38463	.107314
1932	3	17.55818	.1098614
2341	3	17.72988	.1124554
2739	3	17.84472	.114195
2296	3	17.95645	.1158918
3521	3	18.08719	.1178785
2479	3	18.26387	.1205947
473	3	18.39993	.1226982
1628	3	18.54744	.125014
4103	3	18.70083	.1274398
723	3	18.78394	.1287795
12	3	18.92968	.1311462
22	3	19.09278	.1338231
2004	3	19.21233	.1358398
896	3	19.3438	.1380772
2276	3	19.39436	.1389393
2190	3	19.52092	.1411063
981	3	19.65375	.1433946
768	3	19.78749	.1457459
481	3	19.93022	.1482679
2256	3	20.08594	.1510195
2321	3	20.27308	.1543262
904	3	20.29639	.1547525
4399	3	20.50218	.1585532
2591	3	20.64455	.1611946
2280	3	20.74339	.1630318
3143	3	20.88142	.1656101
1593	3	21.07968	.1693468
995	3	21.21499	.1719082
1432	3	21.40528	.175521
3124	3	21.53465	.1779972
2962	3	21.57158	.1787244
604	3	21.69276	.1811331
41	3	21.86722	.1846708
205	3	22.01299	.1876716
3372	3	22.1257	.1899997
1957	3	22.20391	.1916343
2409	3	22.32934	.1943071
4330	3	22.54366	.1989954
3960	3	22.61697	.2006014
1308	3	22.75821	.2037208
1468	3	22.95285	.2080199
1605	3	23.08409	.2109186
3051	3	23.09077	.2110662
4407	3	23.23878	.2143353
4076	3	23.25771	.2147553
4096	3	23.45441	.2192156
3164	3	23.55616	.2215853
36	3	23.71868	.2253904
2742	3	23.86887	.228964
4300	3	24.0107	.2323472
2986	3	24.15585	.2358171
4176	3	24.2473	.238007
1566	3	24.37152	.2410251
1320	3	24.37642	.2411441
2936	3	24.50659	.2443641
2493	3	24.59812	.2466688
1526	3	24.7499	.2505173
913	3	24.86819	.2535466
3369	3	25.01187	.2572267
2135	3	25.13338	.26034
1322	3	25.149	.2607441
4108	3	25.26251	.2636833
4304	3	25.27685	.2640558
2099	3	25.40787	.2675037
776	3	25.42416	.2679355
854	3	25.4418	.2684029
4052	3	25.53813	.270956
3422	3	25.7612	.2768862
3734	3	25.85514	.2793864
467	3	25.93754	.2816398
1759	3	26.0613	.2851875
1987	3	26.27007	.2911819
2685	3	26.4391	.296071
2835	3	26.61395	.3011687
4020	3	26.76381	.3055949
2704	3	26.77501	.3059292
451	3	26.91839	.3102553
1497	3	27.03814	.3138788
1512	3	27.19463	.3186517
3920	3	27.23103	.3197621
1142	3	27.4517	.3265856
1411	3	27.55764	.3298613
1884	3	27.68888	.3339195
3748	3	27.78962	.3370347
4396	3	27.8236	.3380852
1568	3	27.92561	.3412576
1425	3	28.06613	.3456868
4406	3	28.16793	.3489423
4480	3	28.31652	.3537012
3926	3	28.41683	.3569812
3650	3	28.54975	.3613489
2545	3	28.66622	.3652246
3378	3	28.67115	.365392
2555	3	28.77055	.3687917
651	3	28.90472	.3733851
514	3	29.03061	.377834
699	3	29.2064	.3840461
729	3	29.35037	.3891339
2323	3	29.49728	.3943254
3020	3	29.67249	.4005174
3223	3	29.70944	.4018393
1557	3	29.94377	.4102261
4079	3	30.12433	.4168331
393	3	30.19448	.4194009
1035	3	30.33388	.424633
4353	3	30.35939	.4255913
2830	3	30.51914	.4316873
4119	3	30.6415	.4363715
4267	3	30.79065	.4420817
923	3	30.9611	.4486285
3492	3	31.07357	.452958
4089	3	31.0836	.4533543
485	3	31.20221	.4580657
1632	3	31.31438	.4625253
2977	3	31.51843	.4706377
3816	3	31.5646	.472473
537	3	31.66062	.4763761
3299	3	31.78219	.4813474
689	3	31.9342	.4876058
2847	3	32.05273	.4925271
2723	3	32.29778	.5027615
3279	3	32.43325	.5084527
3052	3	32.6315	.5168428
3720	3	32.77654	.5229938
584	3	32.79418	.5237572
1132	3	32.89778	.5282761
1483	3	33.04385	.5347049
368	3	33.20584	.5418575
338	3	33.36248	.5487769
789	3	33.54928	.5570288
1206	3	33.55969	.5574885
1644	3	33.56032	.5575165
1799	3	33.72549	.5648126
2792	3	33.83535	.5696655
4416	3	33.84043	.56989
4478	3	33.98532	.5762904
2058	3	34.08495	.5807794
2449	3	34.21926	.5868763
4258	3	34.33654	.5922051
2090	3	34.43462	.5967529
3090	3	34.43827	.5969304
1302	3	34.5634	.6030107
4204	3	34.68027	.6086897
2028	3	34.90278	.6195296
2769	3	34.97894	.6232432
2877	3	35.05866	.6271871
2541	3	35.19765	.634198
120	3	35.35613	.6422936
4469	3	35.37141	.6430804
4294	3	35.5321	.6514037
835	3	35.70842	.660626
1530	3	35.87621	.6694906
2121	3	35.95862	.6738586
1674	3	36.05439	.6789355
2823	3	36.23226	.6883657
2702	3	36.3784	.6962413
1094	3	36.48059	.7017835
3317	3	36.49253	.702445
3316	3	36.58514	.7075797
1247	3	36.70268	.7141175
1339	3	36.77964	.718457
166	3	36.80612	.7199569
3969	3	36.92308	.726625
2582	3	37.05986	.7344798
2826	3	37.16087	.7403239
1123	3	37.35273	.7516031
2914	3	37.36467	.7523099
4026	3	37.49287	.7599479
1604	3	37.51915	.7615199
423	3	37.65614	.7698767
2063	3	37.7499	.7756754
3102	3	37.82414	.7802662
1998	3	37.97828	.7899939
2009	3	38.11593	.7986962
2724	3	38.3492	.8134644
1108	3	38.4929	.8226691
2891	3	38.65369	.8329678
4293	3	38.82815	.8442745
458	3	39.04819	.858563
2376	3	39.17281	.8667807
2134	3	39.3089	.875765
3542	3	39.5169	.8895625
2525	3	39.80886	.9089515
2131	3	39.94939	.9184492
1191	3	40.08041	.9273231
241	3	40.1919	.9349103
3768	3	40.38034	.9478961
1010	3	40.53164	.9584304
1175	3	40.65313	.9670171
2342	3	40.76094	.9746847
3563	3	40.90601	.9850908
1659	3	41.05837	.9960525
3703	3	41.24487	1.009471
4329	3	41.37021	1.018514
1943	3	41.40537	1.021069
2543	3	41.58991	1.034715
1749	3	41.7208	1.044525
3396	3	41.77523	1.048642
3083	3	41.95817	1.062564
4269	3	41.97062	1.063514
2024	3	42.07115	1.071211
3593	3	42.22797	1.083218
1170	3	42.42755	1.099007
3059	3	42.61994	1.114406
222	3	42.81075	1.129832
2528	3	42.95128	1.141379
3670	3	43.08236	1.152215
2745	3	43.20561	1.16245
1237	3	43.3321	1.172974
3146	3	43.45497	1.183199
907	3	43.5498	1.191155
2020	3	43.55981	1.191997
2622	3	43.735	1.2068
2275	3	43.82472	1.21439
925	3	43.89235	1.220111
1457	3	44.01094	1.23017
145	3	44.1484	1.241879
3045	3	44.30754	1.255448
4027	3	44.31565	1.256149
1668	3	44.47276	1.269749
1124	3	44.56881	1.27823
2082	3	44.70505	1.290266
2328	3	44.75832	1.294995
1023	3	44.95734	1.312683
1922	3	44.98895	1.315495
1684	3	45.139	1.32886
3721	3	45.24605	1.338408
4099	3	45.35088	1.347856
1774	3	45.4306	1.35511
77	3	45.58797	1.369494
4148	3	45.75848	1.385268
663	3	45.77959	1.387226
2411	3	45.94221	1.402363
193	3	45.95604	1.403684
2619	3	46.09657	1.417243
314	3	46.26762	1.433758
898	3	46.27594	1.434567
4214	3	46.28078	1.435036
3541	3	46.47476	1.45397
1880	3	46.63138	1.469273
2581	3	46.74626	1.480654
1624	3	46.95757	1.501589
1838	3	46.96424	1.502267
794	3	47.12564	1.518665
1111	3	47.27631	1.534005
2172	3	47.39982	1.546657
4481	3	47.53703	1.560834
916	3	47.66466	1.574078
2448	3	47.79377	1.587593
1274	3	47.95213	1.604464
1036	3	48.0837	1.61852
1829	3	48.24971	1.636287
2017	3	48.39024	1.651438
227	3	48.54628	1.668294
4394	3	48.70306	1.685262
1896	3	48.86629	1.702986
438	3	49.02074	1.719774
4506	3	49.18521	1.737795
2320	3	49.34272	1.755149
2904	3	49.35092	1.756054
63	3	49.52262	1.775053
3356	3	49.68311	1.79303
4187	3	49.83028	1.809529
3618	3	49.97948	1.826313
2064	3	50.17749	1.848728
2170	3	50.31125	1.863961
1741	3	50.46575	1.881576
1072	3	50.4805	1.883266
138	3	50.57133	1.893823
2927	3	50.71737	1.910928
4174	3	50.8636	1.928077
3406	3	50.86909	1.92872
952	3	50.99477	1.943504
4498	3	51.02301	1.94689
3665	3	51.14029	1.961023
698	3	51.31126	1.981634
1890	3	51.45741	1.999275
204	3	51.68044	2.026309
1376	3	51.81346	2.042644
2955	3	51.94453	2.058798
3984	3	52.09332	2.077248
336	3	52.28781	2.101754
1927	3	52.29948	2.103237
150	3	52.4056	2.116738
2634	3	52.53892	2.133702
417	3	52.68184	2.151967
425	3	52.69378	2.153497
2102	3	52.85195	2.173759
4266	3	52.98413	2.190691
3751	3	53.02703	2.196231
3410	3	53.08512	2.203813
885	3	53.22565	2.222304
747	3	53.24058	2.224282
3746	3	53.36816	2.24119
2	3	53.37831	2.242538
2951	3	53.5113	2.260288
4030	3	53.58513	2.270315
1454	3	53.71153	2.287623
3009	3	53.7121	2.287701
958	3	53.71664	2.288332
1481	3	53.85926	2.308145
3259	3	54.08347	2.339325
1118	3	54.09392	2.340802
1410	3	54.22413	2.359291
2952	3	54.35992	2.378802
3072	3	54.40525	2.385325
3772	3	54.57706	2.410334
2828	3	54.64775	2.420639
3138	3	54.72408	2.431765
4051	3	54.87952	2.454494
1341	3	55.01526	2.474409
4415	3	55.01569	2.474473
386	3	55.14775	2.494094
2994	3	55.25077	2.509457
3710	3	55.38256	2.529205
4105	3	55.40345	2.532395
1762	3	55.42166	2.53519
379	3	55.55066	2.555025
1086	3	55.56371	2.557035
661	3	55.5919	2.561393
3298	3	55.63103	2.567444
3043	3	55.77021	2.588967
1999	3	55.91756	2.611904
545	3	56.07483	2.63643
2714	3	56.16629	2.650745
751	3	56.30238	2.672387
3108	3	56.46624	2.698454
3057	3	56.64228	2.72682
4349	3	56.76133	2.746015
1283	3	56.78895	2.750469
3420	3	56.91632	2.771033
2728	3	57.08039	2.797536
3122	3	57.21273	2.81896
437	3	57.39124	2.848222
3326	3	57.48436	2.86354
631	3	57.59093	2.881283
161	3	57.70087	2.899627
1324	3	57.81274	2.918311
176	3	57.95517	2.942116
922	3	57.9868	2.947407
701	3	58.10625	2.967432
2178	3	58.12649	2.970825
3047	3	58.24381	2.990518
3186	3	58.40445	3.017669
1231	3	58.52221	3.03791
2304	3	58.64424	3.058885
321	3	58.80426	3.086452
4127	3	58.93998	3.109899
4049	3	59.0917	3.1362
247	3	59.15318	3.146884
4239	3	59.25807	3.165208
413	3	59.26926	3.167165
421	3	59.47803	3.204137
1018	3	59.49048	3.206354
463	3	59.50585	3.209096
2542	3	59.65366	3.235836
2868	3	59.787	3.259968
4124	3	59.8161	3.265236
1374	3	60.00746	3.299894
2081	3	60.04586	3.306854
309	3	60.05397	3.308325
2553	3	60.16733	3.328976
3319	3	60.18855	3.332876
4366	3	60.18903	3.332964
1948	3	60.31134	3.355604
2369	3	60.37296	3.367037
4066	3	60.45268	3.381827
4305	3	60.46513	3.384137
2203	3	60.66531	3.421299
3008	3	60.74273	3.436053
1974	3	60.9503	3.475872
1986	3	61.09831	3.504517
1209	3	61.25062	3.53444
480	3	61.38241	3.560359
2231	3	61.48215	3.579991
2467	3	61.56186	3.595753
1754	3	61.66693	3.61655
3832	3	61.8757	3.6579
4358	3	61.87901	3.65856
1300	3	62.13521	3.709934
3786	3	62.24028	3.731063
1429	3	62.36489	3.756257
955	3	62.54034	3.791907
101	3	62.70191	3.824943
4036	3	62.70851	3.826297
38	3	62.72504	3.8297
245	3	62.72579	3.829856
2461	3	62.74106	3.83304
1850	3	62.90641	3.867567
2393	3	63.08664	3.905554
4277	3	63.2439	3.938832
519	3	63.42408	3.976976
1149	3	63.65984	4.026986
1107	3	63.89606	4.077281
720	3	64.10483	4.123018
1477	3	64.10961	4.124069
171	3	64.31838	4.17018
613	3	64.36731	4.180986
3400	3	64.38631	4.185183
3817	3	64.38673	4.185277
3392	3	64.55384	4.222432
4273	3	64.71449	4.258714
4115	3	64.80591	4.279802
20	3	64.92851	4.308335
1911	3	64.95843	4.315351
2856	3	65.02903	4.331911
2679	3	65.02965	4.332057
3374	3	65.228	4.379563
4054	3	65.38617	4.417768
3656	3	65.3942	4.419712
3449	3	65.53622	4.454219
3245	3	65.71362	4.497406
2133	3	65.84731	4.529985
996	3	66.05646	4.58144
152	3	66.26523	4.632952
1101	3	66.27288	4.634873
2967	3	66.43398	4.675404
1482	3	66.47967	4.687002
618	3	66.68844	4.740029
3844	3	66.84445	4.7801
2224	3	66.99436	4.819031
3713	3	67.10376	4.847473
2870	3	67.18179	4.868007
2779	3	67.37633	4.920421
772	3	67.51685	4.958479
59	3	67.58579	4.977186
1816	3	67.62994	4.989183
4035	3	67.75101	5.022347
2641	3	67.88064	5.058202
3110	3	68.04606	5.104177
4377	3	68.22237	5.153461
1127	3	68.37804	5.197113
2130	3	68.49035	5.228817
2385	3	68.49404	5.229862
3382	3	68.63149	5.268721
671	3	68.65094	5.274223
3932	3	68.78273	5.311616
3220	3	68.87025	5.336746
2026	3	68.91643	5.350014
4340	3	69.0779	5.396583
4374	3	69.08984	5.400027
3728	3	69.22942	5.440485
521	3	69.33993	5.47266
1862	3	69.34547	5.474277
84	3	69.51194	5.523913
573	3	69.67279	5.572172
3948	3	69.68398	5.575566
2948	3	69.74352	5.593674
4107	3	69.85967	5.629077
1472	3	69.93713	5.652829
674	3	69.94291	5.654619
1645	3	70.00533	5.67392
2006	3	70.03719	5.683785
1995	3	70.17832	5.727753
2374	3	70.29568	5.764349
3414	3	70.31032	5.769007
2188	3	70.31367	5.770086
3537	3	70.31606	5.770864
1218	3	70.45886	5.817307
2073	3	70.50709	5.83307
3545	3	70.5089	5.833662
3725	3	70.69274	5.894609
3754	3	70.87659	5.956355
2610	3	71.01269	6.002176
128	3	71.14878	6.048137
4434	3	71.15919	6.051717
2264	3	71.1646	6.05358
4086	3	71.30988	6.103698
2546	3	71.48909	6.165651
34	3	71.50837	6.172323
2886	3	71.67859	6.231296
3685	3	71.71883	6.245245
106	3	71.71928	6.245402
708	3	71.73593	6.25132
4152	3	71.841	6.288673
1328	3	71.935	6.322594
3069	3	72.09512	6.380559
1284	3	72.11177	6.386592
1495	3	72.16536	6.406149
3010	3	72.30247	6.45668
4405	3	72.42728	6.50268
4166	3	72.54588	6.54639
863	3	72.62455	6.575706
1812	3	72.77586	6.632148
1616	3	72.90579	6.680937
3865	3	72.92278	6.687338
1439	3	73.09902	6.755123
2905	3	73.23647	6.808537
4006	3	73.32881	6.844517
4140	3	73.45963	6.895624
1265	3	73.47355	6.901086
4500	3	73.50616	6.914055
3533	3	73.52177	6.920268
1051	3	73.66982	6.979586
2278	3	73.67632	6.982199
2336	3	73.70649	6.994606
2853	3	73.77157	7.021788
2580	3	73.96301	7.101778
3558	3	74.06158	7.142973
2615	3	74.06199	7.143143
1008	3	74.24751	7.220995
2987	3	74.26639	7.229011
2533	3	74.29962	7.243338
1260	3	74.44514	7.306322
3058	3	74.45516	7.310658
3203	3	74.66256	7.400963
1500	3	74.80687	7.463901
2051	3	74.93645	7.521807
2475	3	74.99763	7.549339
2404	3	75.0216	7.560484
2420	3	75.0515	7.574522
3873	3	75.1967	7.642879
4459	3	75.2802	7.682344
2113	3	75.36593	7.722886
3806	3	75.56058	7.815583
2332	3	75.74479	7.903726
1502	3	75.76452	7.913227
4013	3	75.77834	7.919977
2086	3	75.85806	7.959031
1159	3	75.9662	8.012198
2059	3	76.03899	8.048071
2042	3	76.17622	8.116085
360	3	76.28708	8.171219
2447	3	76.49448	8.274617
2187	3	76.70204	8.380278
99	3	76.72315	8.391163
2352	3	76.80092	8.431424
3577	3	76.89371	8.48005
4311	3	76.90933	8.488279
195	3	77.03458	8.554949
2606	3	77.03948	8.557559
2753	3	77.13741	8.610091
2698	3	77.21954	8.654318
1258	3	77.30937	8.702861
3630	3	77.32748	8.713094
3239	3	77.33003	8.714539
654	3	77.34468	8.722833
312	3	77.49684	8.809733
1638	3	77.58366	8.859394
1533	3	77.72636	8.941338
1646	3	77.8433	9.008698
3086	3	77.9751	9.084687
505	3	77.99037	9.093499
1208	3	78.09112	9.151755
726	3	78.19622	9.212643
3443	3	78.20678	9.218768
3891	3	78.31184	9.280037
4172	3	78.32304	9.286584
162	3	78.44542	9.358215
331	3	78.47383	9.374989
1971	3	78.49818	9.389494
1733	3	78.5779	9.438204
3182	3	78.65116	9.483091
3330	3	78.80031	9.574694
196	3	79.07187	9.74212
1569	3	79.14809	9.789532
3401	3	79.24874	9.85394
377	3	79.27826	9.872955
3425	3	79.40823	9.95756
2756	3	79.48637	10.0086
1543	3	79.61817	10.09473
2419	3	79.62336	10.09814
3273	3	79.70308	10.15059
2593	3	79.70954	10.15485
2932	3	79.71432	10.15807
304	3	79.83947	10.24241
3952	3	79.87543	10.26669
879	3	79.90005	10.28338
1636	3	79.90484	10.28666
3361	3	80.04536	10.38341
1194	3	80.05186	10.38789
2766	3	80.08371	10.4102
3351	3	80.0885	10.41357
3482	3	80.0919	10.41597
4414	3	80.2225	10.50827
3637	3	80.22556	10.51044
4151	3	80.25538	10.53164
1960	3	80.26913	10.54142
1973	3	80.31195	10.57208
4369	3	80.36959	10.61373
4367	3	80.4459	10.66913
3315	3	80.45131	10.67306
1878	3	80.47778	10.69237
198	3	80.48898	10.70057
3963	3	80.53603	10.73525
3050	3	80.6619	10.82805
342	3	80.73342	10.88122
3610	3	80.77937	10.9157
1134	3	80.77979	10.91601
1041	3	81.0602	11.1309
2626	3	81.06794	11.13698
3284	3	81.36182	11.36816
1876	3	81.47037	11.45356
670	3	81.56054	11.52459
2710	3	81.61234	11.5659
3238	3	81.63277	11.58226
468	3	81.63309	11.58252
3206	3	81.80854	11.72327
4130	3	81.83843	11.74731
2250	3	81.99796	11.8771
3101	3	82.0784	11.94343
2599	3	82.09883	11.96033
2054	3	82.15895	12.01042
4342	3	82.172	12.02137
1518	3	82.27123	12.10524
3511	3	82.47821	12.28087
112	3	82.62706	12.40767
2233	3	82.70576	12.47484
553	3	82.86044	12.60817
444	3	82.90145	12.64379
3762	3	83.00497	12.73399
1923	3	83.04094	12.76542
1863	3	83.14218	12.85394
921	3	83.23315	12.9351
3327	3	83.25713	12.95652
1203	3	83.37967	13.06628
3877	3	83.45939	13.13805
80	3	83.54191	13.21235
2550	3	83.5531	13.22249
415	3	83.73778	13.39005
2417	3	83.76674	13.41673
628	3	83.85466	13.49782
1755	3	83.91828	13.55651
4265	3	83.97351	13.60746
4155	3	84.00421	13.6364
3668	3	84.00508	13.63722
1575	3	84.03156	13.66268
2498	3	84.0892	13.71826
3366	3	84.23968	13.86529
343	3	84.25495	13.88022
372	3	84.30029	13.92479
2230	3	84.329	13.95315
970	3	84.39969	14.02323
3669	3	84.40335	14.02687
2671	3	84.50842	14.13291
2510	3	84.60872	14.2351
3390	3	84.61907	14.24568
1647	3	84.62843	14.2553
2844	3	84.69336	14.32201
755	3	84.76968	14.40079
211	3	84.78136	14.4131
581	3	84.8409	14.47604
1780	3	84.86397	14.50064
4233	3	84.9426	14.58467
580	3	85.02461	14.67346
410	3	85.03349	14.68315
4203	3	85.0655	14.71814
2109	3	85.18814	14.85221
3766	3	85.19517	14.85991
2074	3	85.22839	14.8974
2309	3	85.24767	14.91939
459	3	85.54156	15.25636
3882	3	85.54855	15.2645
536	3	85.73606	15.48425
4047	3	85.75272	15.50398
236	3	85.91753	15.70212
3617	3	85.9416	15.73123
2719	3	85.96558	15.76042
2289	3	86.0553	15.87024
3513	3	86.084	15.90573
277	3	86.08495	15.90691
3271	3	86.15054	15.98855
2963	3	86.28799	16.1599
3667	3	86.31035	16.18792
1739	3	86.31071	16.18838
3463	3	86.34982	16.23822
3148	3	86.37508	16.27042
2926	3	86.50166	16.43221
2438	3	86.50201	16.43266
3741	3	86.52364	16.46103
4215	3	86.61433	16.58216
2265	3	86.61488	16.58289
2456	3	86.61839	16.5876
4430	3	86.62958	16.60269
2832	3	86.63537	16.61055
1694	3	86.64186	16.61938
4309	3	86.69949	16.69774
2159	3	86.70005	16.6985
2827	3	86.77032	16.79488
230	3	86.78853	16.8199
4129	3	86.85877	16.91651
2696	3	86.99095	17.09925
3339	3	87.27136	17.48728
597	3	87.29179	17.51575
668	3	87.4217	17.69781
2718	3	87.43184	17.71208
3431	3	87.43739	17.72003
490	3	87.57329	17.91556
3945	3	87.59492	17.94689
2120	3	87.64384	18.01789
1905	3	87.65321	18.0316
4365	3	87.73187	18.14724
3487	3	87.82295	18.2813
3136	3	87.88581	18.37411
2809	3	87.98203	18.517
3393	3	88.2759	18.95436
3260	3	88.32207	19.02344
3619	3	88.32869	19.03337
3634	3	88.47453	19.2549
256	3	88.66918	19.55153
864	3	88.675	19.56041
849	3	88.7791	19.72045
2752	3	88.86564	19.85517
758	3	88.95536	19.99519
2692	3	89.09772	20.21775
2754	3	89.10272	20.22559
311	3	89.13491	20.2762
655	3	89.1461	20.29398
3469	3	89.16381	20.32219
3493	3	89.19278	20.36842
1610	3	89.26218	20.47971
1782	3	89.40228	20.7079
2590	3	89.55107	20.95043
649	3	89.68678	21.17217
4015	3	89.74541	21.26881
1928	3	89.7502	21.27671
696	3	89.88962	21.50711
308	3	89.93855	21.5883
1185	3	89.9441	21.59768
3066	3	90.02148	21.72897
1398	3	90.0535	21.78433
4426	3	90.06152	21.79842
4150	3	90.10858	21.88101
3470	3	90.11494	21.89226
3980	3	90.11997	21.90121
2938	3	90.22284	22.08471
2489	3	90.22863	22.09509
4228	3	90.28104	22.18972
814	3	90.28811	22.20255
1925	3	90.36629	22.34546
4420	3	90.66017	22.88334
2765	3	90.83327	23.20032
667	3	90.83907	23.21127
3135	3	90.88189	23.29242
2405	3	90.94966	23.42171
1243	3	90.95465	23.43131
3161	3	90.96072	23.4431
238	3	90.99729	23.51473
1351	3	91.00473	23.52946
1214	3	91.02636	23.57241
353	3	91.03135	23.58233
4471	3	91.1688	23.85556
2421	3	91.1694	23.85674
3929	3	91.20241	23.92383
859	3	91.20824	23.93589
2310	3	91.32065	24.16807
1815	3	91.32499	24.17711
4034	3	91.33054	24.18871
947	3	91.40752	24.35001
4361	3	91.56687	24.68522
1235	3	91.5674	24.68634
3947	3	91.57248	24.6971
2089	3	91.58067	24.71453
3855	3	91.58386	24.72141
1148	3	91.60925	24.77625
4147	3	91.89592	25.39892
2379	3	91.96853	25.55814
3423	3	92.06802	25.77723
3690	3	92.07297	25.78818
3324	3	92.1167	25.88519
2964	3	92.18659	26.04081
706	3	92.19295	26.05503
167	3	92.21655	26.10784
1189	3	92.261	26.20746
328	3	92.26984	26.22783
1315	3	92.38637	26.49906
650	3	92.38699	26.50051
4156	3	92.39367	26.51629
1809	3	92.41065	26.5564
2474	3	92.44358	26.63486
4397	3	92.45132	26.65344
2924	3	92.50163	26.77486
3028	3	92.56844	26.93674
752	3	92.65369	27.14396
194	3	92.68016	27.20842
4473	3	92.71709	27.2984
1784	3	92.7839	27.46136
1746	3	92.79085	27.47838
2101	3	92.91706	27.78797
983	3	92.95546	27.88234
1596	3	92.9618	27.89792
58	3	93.01073	28.01862
2354	3	93.08979	28.2148
3655	3	93.09647	28.23148
2494	3	93.09688	28.2325
147	3	93.0974	28.23383
163	3	93.11204	28.27127
1651	3	93.1157	28.28068
1375	3	93.14602	28.35924
733	3	93.1526	28.37634
3516	3	93.16061	28.39731
2807	3	93.16106	28.39849
1140	3	93.20473	28.51339
2362	3	93.26706	28.6775
526	3	93.33386	28.85739
2648	3	93.37079	28.95896
3689	3	93.37113	28.9599
3197	3	93.37747	28.97755
4167	3	93.39518	29.02711
4040	3	93.49491	29.30631
887	3	93.57463	29.52958
645	3	93.57528	29.53142
3111	3	93.60197	29.60839
4408	3	93.60271	29.61053
1615	3	93.61157	29.63646
2306	3	93.61736	29.65341
3598	3	93.6232	29.67073
4479	3	93.62798	29.68499
1100	3	93.63467	29.70494
4200	3	93.66874	29.80725
1556	3	93.68802	29.86535
920	3	93.70965	29.93065
2358	3	93.77641	30.13309
858	3	93.78416	30.15678
3379	3	93.79049	30.17631
4044	3	93.79624	30.19409
1602	3	93.83991	30.32944
1405	3	93.84853	30.3563
1174	3	93.84932	30.35877
322	3	94.1432	31.27851
1050	3	94.14799	31.29359
652	3	94.44187	32.21928
1151	3	94.45071	32.24715
1550	3	94.46098	32.27985
2383	3	94.46902	32.30558
2123	3	94.47209	32.31547
2559	3	94.5044	32.41955
4234	3	94.51245	32.44564
966	3	94.80633	33.39948
1867	3	94.81188	33.41753
4181	3	94.81246	33.41943
3987	3	94.86139	33.58029
1136	3	94.9203	33.77917
2974	3	94.93044	33.81347
4087	3	94.93876	33.84184
2468	3	94.97382	33.96266
2507	3	94.97427	33.96418
4387	3	94.98121	33.98823
326	3	95.04955	34.22973
4206	3	95.05516	34.24968
2584	3	95.15028	34.58902
679	3	95.15072	34.59063
2706	3	95.15685	34.61295
1394	3	95.16573	34.64595
599	3	95.1724	34.67095
155	3	95.17874	34.69477
3896	3	95.269	35.04038
611	3	95.27606	35.06778
2124	3	95.28543	35.10414
1382	3	95.32909	35.27421
2347	3	95.33465	35.29588
3049	3	95.33521	35.29808
3761	3	95.34029	35.31802
1256	3	95.34486	35.33603
2845	3	95.3494	35.35405
3645	3	95.39832	35.55045
4055	3	95.4043	35.57461
4134	3	95.40495	35.57725
781	3	95.40562	35.57998
3715	3	95.40627	35.58267
1942	3	95.46514	35.82743
2070	3	95.47182	35.85544
4372	3	95.50251	35.98434
1710	3	95.57191	36.27884
1664	3	95.5806	36.31583
511	3	95.6032	36.41327
717	3	95.60828	36.4352
119	3	95.6359	36.55468
791	3	95.70271	36.84452
25	3	95.70319	36.84658
802	3	95.74685	37.03669
4526	3	95.77837	37.17421
1157	3	95.78955	37.22309
3165	3	95.79658	37.25393
595	3	95.85091	37.49265
416	3	95.85893	37.52827
3019	3	95.894	37.68399
634	3	95.92639	37.83057
2389	3	95.93218	37.85681
4424	3	95.96423	38.00433
1161	3	95.96478	38.00687
2097	3	96.0137	38.23586
2621	3	96.01959	38.26372
1718	3	96.09931	38.65189
1342	3	96.13771	38.8396
4442	3	96.20741	39.18197
4111	3	96.21497	39.21941
2532	3	96.29464	39.61994
2857	3	96.30019	39.64793
1803	3	96.32755	39.78619
1818	3	96.40722	40.19003
3651	3	96.41383	40.22379
1384	3	96.42052	40.25817
3749	3	96.42108	40.26109
787	3	96.43226	40.31886
547	3	96.43459	40.33096
4317	3	96.44397	40.38004
1143	3	96.4868	40.60409
2390	3	96.48724	40.60637
3526	3	96.49232	40.63335
2733	3	96.54137	40.89585
2234	3	96.54192	40.89874
2503	3	96.61824	41.30869
1155	3	96.68793	41.68467
3800	3	96.74709	42.00552
1855	3	96.8055	42.32917
2946	3	96.86562	42.6657
1105	3	96.86642	42.67021
912	3	96.92826	43.02607
888	3	96.93615	43.07171
2511	3	96.97765	43.31206
2460	3	97.01984	43.5577
2674	3	97.07008	43.85178
2750	3	97.07671	43.89169
2338	3	97.08727	43.9557
4092	3	97.09309	43.9911
1122	3	97.09943	44.0298
3578	3	97.136	44.25351
2288	3	97.13671	44.25788
4281	3	97.14334	44.29911
3740	3	97.15108	44.34727
370	3	97.15176	44.35147
2690	3	97.15654	44.38169
2436	3	97.16288	44.42191
1508	3	97.16293	44.42221
839	3	97.16348	44.42567
3024	3	97.20714	44.70417
3744	3	97.21377	44.74674
3730	3	97.24446	44.94498
892	3	97.24496	44.9482
3391	3	97.24541	44.95111
1278	3	97.25175	44.99322
1314	3	97.30667	45.36168
3818	3	97.35006	45.65432
3629	3	97.40247	46.00986
510	3	97.42709	46.17825
3178	3	97.42753	46.18127
1057	3	97.43387	46.22548
23	3	97.43428	46.22835
2473	3	97.46164	46.41998
1967	3	97.46825	46.46647
1706	3	97.50718	46.74389
635	3	97.51083	46.77013
3804	3	97.54234	46.99611
4286	3	97.55289	47.07205
4164	3	97.59203	47.35429
2721	3	97.59251	47.35775
3235	3	97.59315	47.36246
3856	3	97.67287	47.94898
805	3	97.67765	47.98425
3829	3	97.67833	47.98925
9	3	97.67883	47.99295
1448	3	97.67934	47.99685
3174	3	97.72827	48.36589
1088	3	97.73692	48.43251
1519	3	97.73769	48.43845
1	3	97.74654	48.50687
3862	3	97.7568	48.58654
460	3	97.79962	48.92215
2821	3	97.84245	49.25954
4144	3	97.87485	49.51846
2741	3	97.90554	49.77633
4313	3	97.90593	49.77966
2444	3	97.90661	49.78551
1039	3	97.90708	49.78965
1096	3	97.90771	49.79521
1806	3	97.96613	50.30909
1055	3	97.97112	50.35322
1509	3	97.98051	50.43685
237	3	97.98712	50.49603
1551	3	97.99243	50.54364
344	3	97.99938	50.60603
1562	3	97.99997	50.61139
3935	3	98.00603	50.66645
426	3	98.0132	50.73191
2992	3	98.01898	50.78592
4230	3	98.0563	51.13521
382	3	98.10536	51.59593
3340	3	98.14231	51.94768
1887	3	98.14278	51.95225
1478	3	98.14787	52.00101
1338	3	98.14864	52.00851
2860	3	98.19398	52.44894
2152	3	98.1946	52.45515
1558	3	98.20208	52.53138
848	3	98.21022	52.6145
3688	3	98.2661	53.1857
3782	3	98.27188	53.2463
2162	3	98.27222	53.2498
3986	3	98.30412	53.58817
3500	3	98.35924	54.1749
1493	3	98.36572	54.24496
1012	3	98.37235	54.31776
297	3	98.37309	54.32577
1972	3	98.37348	54.3301
1042	3	98.4108	54.74216
688	3	98.41084	54.74265
3266	3	98.41127	54.74741
4352	3	98.41164	54.75142
402	3	98.44086	55.0785
1826	3	98.44173	55.08822
3858	3	98.4854	55.57782
4002	3	98.49265	55.65947
1297	3	98.57236	56.57362
3093	3	98.57298	56.58067
2673	3	98.57375	56.5896
3404	3	98.57407	56.59348
1981	3	98.57907	56.65274
4260	3	98.58791	56.75893
675	3	98.58872	56.76876
3383	3	98.59372	56.82949
3836	3	98.59419	56.83527
2970	3	98.60209	56.93138
2139	3	98.60687	56.98969
2488	3	98.66528	57.71004
643	3	98.69695	58.11
3968	3	98.69755	58.11756
2122	3	98.73019	58.53456
2143	3	98.73595	58.60888
891	3	98.74483	58.7247
3793	3	98.7534	58.83796
3280	3	98.80547	59.5368
471	3	98.80638	59.54921
844	3	98.80711	59.55908
1348	3	98.86552	60.35941
4023	3	98.86593	60.36509
931	3	98.86651	60.37302
2066	3	98.87537	60.49719
2768	3	98.90867	60.96872
4213	3	98.91341	61.03599
2442	3	98.92229	61.16184
4012	3	98.92264	61.16701
1285	3	98.92316	61.17478
2356	3	98.98156	62.05675
1364	3	98.98872	62.16544
3117	3	98.98914	62.17168
3879	3	98.99575	62.27291
4461	3	99.00083	62.35078
4242	3	99.00527	62.41894
3061	3	99.00587	62.42805
4512	3	99.0117	62.51767
131	3	99.01213	62.52434
1642	3	99.01273	62.53368
1695	3	99.01328	62.54231
75	3	99.02014	62.65145
2127	3	99.06297	63.34014
1074	3	99.06357	63.34978
3525	3	99.0681	63.42376
1103	3	99.06865	63.43296
556	3	99.06922	63.4424
3591	3	99.06964	63.44937
2848	3	99.07593	63.55459
2775	3	99.07641	63.56279
3995	3	99.10288	64.02038
109	3	99.1115	64.17285
4209	3	99.11858	64.29813
2282	3	99.11928	64.31074
2000	3	99.11969	64.31812
2600	3	99.15637	64.98589
1678	3	99.18628	65.53212
1507	3	99.22951	66.3355
210	3	99.22993	66.34351
2588	3	99.23933	66.52196
2301	3	99.276	67.2233
3962	3	99.27655	67.23384
2040	3	99.27726	67.24742
329	3	99.27769	67.25571
1391	3	99.27863	67.27412
724	3	99.27906	67.28265
2941	3	99.27998	67.30083
1874	3	99.28456	67.39275
2883	3	99.28518	67.40524
2800	3	99.28562	67.41423
3623	3	99.29021	67.50922
4238	3	99.29089	67.52328
1434	3	99.32634	68.26304
714	3	99.33689	68.48396
269	3	99.38596	69.52216
2229	3	99.38602	69.52349
1699	3	99.38661	69.53636
4201	3	99.38705	69.54569
3841	3	99.42337	70.33111
766	3	99.42392	70.34299
427	3	99.45383	70.99673
3535	3	99.50589	72.13836
3096	3	99.51402	72.31828
3333	3	99.56307	73.43163
85	3	99.56742	73.53307
445	3	99.56786	73.54349
2715	3	99.56843	73.55739
1630	3	99.56899	73.57132
2782	3	99.5989	74.349
73	3	99.5993	74.35925
2169	3	99.59964	74.36829
292	3	99.60005	74.37957
1049	3	99.60046	74.39088
3798	3	99.6068	74.56716
3201	3	99.60732	74.58211
1436	3	99.6078	74.59554
1903	3	99.61279	74.73924
1742	3	99.62141	74.98764
476	3	99.62184	75.00003
3446	3	99.62228	75.01299
443	3	99.62273	75.02612
3831	3	99.62752	75.16769
725	3	99.628	75.18207
1506	3	99.63508	75.39938
1068	3	99.63551	75.4128
2197	3	99.6356	75.41572
987	3	99.64144	75.60069
4487	3	99.64187	75.61448
3134	3	99.64233	75.62922
2186	3	99.64291	75.64832
2232	3	99.6488	75.84083
1156	3	99.64928	75.85662
2428	3	99.64933	75.85805
3737	3	99.64938	75.86004
105	3	99.65397	76.01466
973	3	99.65484	76.0443
1735	3	99.66152	76.27882
846	3	99.66195	76.29402
988	3	99.66235	76.30819
4019	3	99.66273	76.32265
1254	3	99.72115	78.46797
612	3	99.72594	78.6466
3270	3	99.72658	78.67062
3103	3	99.72695	78.68514
2019	3	99.72756	78.70901
3265	3	99.7282	78.73392
3852	3	99.73631	79.05951
1769	3	99.73675	79.07734
2566	3	99.7431	79.3431
3241	3	99.74769	79.53943
3680	3	99.74809	79.55721
2191	3	99.74815	79.55986
3338	3	99.74879	79.58826
3354	3	99.74932	79.61192
4385	3	99.74989	79.63756
4373	3	99.75053	79.66707
817	3	99.75113	79.69479
4059	3	99.75154	79.71402
1171	3	99.75198	79.73409
1909	3	99.75697	79.96941
3394	3	99.76249	80.23098
401	3	99.76293	80.25208
4276	3	99.76849	80.52275
832	3	99.76917	80.55607
1548	3	99.77207	80.69768
1727	3	99.77842	81.00842
1579	3	99.78259	81.21204
157	3	99.78316	81.24045
1245	3	99.78802	81.48343
4104	3	99.78865	81.51546
3765	3	99.78901	81.5336
3972	3	99.79514	81.85336
517	3	99.7955	81.87215
4198	3	99.79608	81.90243
2334	3	99.82599	83.47347
2659	3	99.8559	85.04928
1897	3	99.85596	85.0525
3	3	99.85659	85.08627
989	3	99.85695	85.10574
3185	3	99.85741	85.13197
1447	3	99.8648	85.55946
2484	3	99.86537	85.59262
3424	3	99.87017	85.8712
1933	3	99.87742	86.29713
1514	3	99.87785	86.32233
4392	3	99.87821	86.34467
2672	3	99.88515	86.76707
2683	3	99.88974	87.08144
4168	3	99.89017	87.11131
3950	3	99.89059	87.1398
3071	3	99.89093	87.16376
2898	3	99.89153	87.20573
2315	3	99.89211	87.24591
2060	3	99.89252	87.27515
4375	3	99.89901	87.74
4345	3	99.89978	87.79853
2285	3	99.90041	87.84674
2772	3	99.90101	87.89473
2990	3	99.90562	88.26676
1205	3	99.91425	88.97622
1747	3	99.94415	91.44358
3884	3	99.94459	91.47984
434	3	99.94504	91.51986
3509	3	99.94556	91.5677
4360	3	99.95065	92.03118
1347	3	99.95548	92.47382
4496	3	99.95591	92.51279
1147	3	99.9601	92.90157
3988	3	99.96492	93.38651
3152	3	99.96535	93.42967
3894	3	99.96569	93.46516
2876	3	99.96626	93.52635
3435	3	99.96667	93.57146
1325	3	99.9671	93.61908
3594	3	99.96768	93.68364
3014	3	99.9683	93.75214
2701	3	99.96872	93.80064
2909	3	99.96877	93.80611
287	3	99.96935	93.87994
3849	3	99.96984	93.94493
3384	3	99.97028	94.00171
4192	3	99.9789	95.13892
3633	3	99.97932	95.19745
4165	3	99.97996	95.2886
2499	3	99.9849	96.04803
2529	3	99.98492	96.05125
2273	3	99.98529	96.11207
357	3	99.98536	96.12241
1825	3	99.9858	96.19771
1262	3	99.9859	96.21465
3415	3	99.99072	97.05843
3692	3	99.9911	97.12403
3237	3	99.99152	97.20182
3484	3	99.99155	97.21059
1414	3	99.99197	97.29149
1899	3	99.99242	97.37997
2784	3	99.99248	97.39203
3133	3	99.99293	97.48244
4161	3	99.99299	97.49556
3704	3	99.99343	97.5945
903	3	99.99388	97.69366
4194	3	99.99397	97.71259
3430	3	99.99439	97.81229
665	3	99.99448	97.8344
940	3	99.99454	97.8488
1786	3	99.99499	97.9593
3125	3	99.99536	98.06127
1881	3	99.99542	98.07771
67	3	99.99552	98.10658
960	3	99.99615	98.2991
3861	3	99.99658	98.42977
3447	3	99.99718	98.6264
3037	3	99.99727	98.65821
4188	3	99.99772	98.83456
3501	3	99.99831	99.10041
4078	3	99.99876	99.30037
2650	3	99.99921	99.52434
3803	3	99.99934	99.59085
813	3	99.99979	99.85492
3576	3	99.99983	99.88373
1635	3	99.9999	99.92633
4158	3	99.99994	99.95766
2748	3	100	99.99999
