yy1	myEd	sumNormW	sumLWall
15	2	.0433756	0
32	1	.1021815	0
95	1	.1700547	0
97	2	.2038423	0
114	2	.2465108	0
154	1	.2752171	0
158	2	.308585	0
175	2	.3523985	0
203	1	.4192623	0
207	1	.4587475	0
234	1	.4994413	0
253	2	.5480434	0
296	1	.60559	0
383	2	.6698786	0
397	1	.7171746	0
407	2	.7697874	0
446	2	.8147888	0
455	2	.8625448	0
456	2	.8946605	0
461	2	.9451482	0
504	1	.972926	0
515	2	1.010921	0
575	2	1.071613	0
657	3	1.137623	0
669	2	1.209521	0
690	2	1.258655	0
694	2	1.309425	0
737	2	1.36887	0
753	1	1.420932	0
825	1	1.45846	0
869	2	1.494588	0
882	2	1.531982	0
905	1	1.584676	0
930	1	1.632675	0
959	2	1.690525	0
991	2	1.736799	0
1004	1	1.777345	0
1044	2	1.82936	0
1064	2	1.860369	0
1141	1	1.913414	0
1210	1	1.953841	0
1219	1	2.025892	0
1350	1	2.074307	0
1365	2	2.132575	0
1389	2	2.173356	0
1408	2	2.217698	0
1541	2	2.257926	0
1582	1	2.298035	0
1591	1	2.333822	0
1627	1	2.372745	0
1631	1	2.431046	0
1656	1	2.482487	0
1679	2	2.544004	0
1703	2	2.576644	0
1729	1	2.624701	0
1792	2	2.679584	0
1827	2	2.75521	0
1846	2	2.808843	0
1864	2	2.865697	0
1885	3	2.898342	0
1902	1	2.943884	0
1904	1	3.002538	0
1978	2	3.041334	0
2007	1	3.08636	0
2014	1	3.144123	0
2018	1	3.175387	0
2021	2	3.222139	0
2160	2	3.261038	0
2171	1	3.304285	0
2177	2	3.353651	0
2192	2	3.378791	0
2210	1	3.409816	0
2241	1	3.457108	0
2244	1	3.490793	0
2318	2	3.526038	0
2361	1	3.575861	0
2412	2	3.619583	0
2464	2	3.65631	0
2491	2	3.692705	0
2501	1	3.737931	0
2502	1	3.774284	0
2524	1	3.827514	0
2547	2	3.878038	0
2629	1	3.936321	0
2712	2	3.982551	0
2812	1	4.038458	0
2818	1	4.082034	0
2839	2	4.122958	0
2887	1	4.190153	0
2894	1	4.228244	0
2918	2	4.262616	0
2931	2	4.331482	0
2998	1	4.362507	0
3018	1	4.39424	0
3074	2	4.434969	0
3087	2	4.471959	0
3115	1	4.526296	0
3118	2	4.563974	0
3156	1	4.602105	0
3177	1	4.645836	0
3198	1	4.698405	0
3215	2	4.740191	0
3249	1	4.778239	0
3323	2	4.832536	0
3337	2	4.88648	0
3389	2	4.925443	0
3437	2	4.982622	0
3460	1	5.027886	0
3478	2	5.06389	0
3505	1	5.117351	0
3506	2	5.155203	0
3514	1	5.214496	0
3515	2	5.249343	0
3551	1	5.288458	0
3552	2	5.31737	0
3556	1	5.364511	0
3570	2	5.403724	0
3589	1	5.437794	0
3644	2	5.468266	0
3733	1	5.527428	0
3735	1	5.564783	0
3742	2	5.606959	0
3785	1	5.652142	0
3787	2	5.710202	0
3807	2	5.784434	0
3837	1	5.833099	0
3857	1	5.873973	0
3898	2	5.911613	0
3913	1	5.954224	0
3938	1	6.005155	0
3944	2	6.060725	0
3967	2	6.101804	0
4014	2	6.136552	0
4043	2	6.17812	0
4081	2	6.208574	0
4126	1	6.267984	0
4231	2	6.319565	0
4245	2	6.355224	0
4250	2	6.396577	0
4261	1	6.434357	0
4270	2	6.481653	0
4284	1	6.536783	0
4318	2	6.572908	0
4332	1	6.610258	0
4346	2	6.664685	0
4356	2	6.727918	0
4404	2	6.781198	0
4413	1	6.814557	0
4429	2	6.853412	0
4433	1	6.893947	0
4435	3	6.933524	0
4438	2	6.988141	0
4446	1	7.044385	0
4452	1	7.076609	0
4454	2	7.11386	0
4482	2	7.152797	0
4488	2	7.19176	0
4501	1	7.23611	0
4509	2	7.273747	0
5	2	7.311316	3.55e-07
316	2	7.371199	9.21e-07
449	2	7.412357	1.31e-06
730	2	7.501198	2.15e-06
1426	3	7.574586	2.84e-06
1600	2	7.611042	3.19e-06
2720	1	7.66137	3.66e-06
3272	2	7.707486	4.10e-06
3778	2	7.76889	4.68e-06
3869	2	7.84133	5.36e-06
3991	1	7.890954	5.83e-06
2980	2	7.924259	7.72e-06
1399	2	7.954747	9.73e-06
83	2	8.020793	.0000147
282	2	8.074315	.0000188
3918	3	8.118537	.0000221
3580	2	8.183975	.0000277
4118	1	8.228908	.0000315
246	2	8.260526	.0000345
2271	2	8.318308	.0000399
2658	2	8.352745	.0000432
3346	3	8.400645	.0000477
3824	2	8.427661	.0000503
3864	1	8.465382	.0000538
3981	2	8.49789	.0000569
3566	3	8.567107	.0000647
3550	2	8.604419	.0000697
1883	2	8.701342	.0000828
4474	2	8.740584	.0000898
1822	1	8.788465	.0000989
4032	2	8.842205	.000109
3276	1	8.899549	.0001204
4489	2	8.959858	.0001335
1970	2	9.024884	.0001482
2897	2	9.071878	.0001589
1417	2	9.111034	.0001685
4011	1	9.182933	.0001862
1019	2	9.226902	.0001978
1303	1	9.265536	.0002087
1764	2	9.319485	.000224
3853	2	9.327148	.0002262
3151	2	9.367028	.0002386
4484	2	9.416425	.0002554
2423	3	9.469189	.0002754
2181	2	9.530709	.000303
644	2	9.568197	.0003207
1071	2	9.63225	.000351
2805	1	9.6948	.0003805
3842	2	9.757823	.0004103
4110	2	9.815599	.0004376
4443	2	9.855664	.0004565
1901	3	9.946256	.0004993
2579	1	9.998875	.0005291
3094	3	10.03961	.0005522
2022	1	10.10331	.0005895
3429	2	10.14327	.0006129
749	2	10.1835	.0006387
1037	3	10.25082	.000682
3567	3	10.29779	.0007136
2091	2	10.34962	.0007489
967	2	10.43153	.0008061
1269	3	10.49722	.0008521
2439	2	10.5383	.0008847
4137	2	10.57422	.0009138
850	2	10.61649	.000949
932	2	10.65801	.0009843
548	2	10.7056	.001026
4456	2	10.74081	.0010573
2505	2	10.77885	.0010921
2602	2	10.84352	.0011514
189	2	10.88462	.0011902
396	2	10.94701	.0012491
398	2	10.97741	.0012778
646	2	11.01637	.0013146
862	2	11.05773	.0013537
1207	3	11.10758	.0014008
1289	2	11.1495	.0014404
1534	2	11.21724	.0015044
1670	2	11.25478	.0015398
1842	2	11.25502	.0015401
2016	2	11.29217	.0015752
2536	2	11.34128	.0016216
2726	2	11.38995	.0016675
2881	2	11.43963	.0017145
2997	1	11.48018	.0017528
3614	1	11.54065	.0018099
3814	1	11.58719	.0018538
4436	3	11.64943	.0019126
3444	2	11.68245	.0019457
1069	3	11.71808	.0019817
1475	2	11.76	.0020245
3355	2	11.80942	.0020759
3092	2	11.84407	.0021125
4296	3	11.87189	.0021419
270	1	11.9313	.0022088
2093	2	11.96255	.002246
1753	2	11.99448	.002286
436	1	12.04974	.002359
750	2	12.0889	.0024145
3900	2	12.15732	.0025126
2783	3	12.19092	.0025622
687	2	12.24128	.0026414
4460	3	12.27678	.0026973
1415	1	12.3231	.0027717
1164	2	12.38706	.0028766
3053	2	12.42932	.0029469
2286	2	12.4789	.0030302
280	2	12.52069	.0031005
3275	2	12.56607	.0031776
290	2	12.60452	.0032503
486	2	12.66497	.0033645
615	3	12.71636	.0034616
803	2	12.74607	.0035177
899	2	12.78591	.003593
935	1	12.84532	.0037052
1775	2	12.88903	.0037878
1802	1	12.92827	.0038619
1853	1	12.9854	.0039698
2035	2	13.03057	.0040552
2219	2	13.06925	.0041282
2434	2	13.12385	.0042314
2945	3	13.17557	.0043291
3243	2	13.21423	.0044021
3592	2	13.28925	.0045439
3819	2	13.32029	.0046025
4505	2	13.38616	.0047269
4009	1	13.41986	.0047944
1872	3	13.45522	.004866
509	2	13.49935	.0049568
1945	3	13.55224	.0050657
1152	1	13.61507	.0051985
4513	2	13.6435	.0052586
491	2	13.69363	.0053647
1273	1	13.74654	.0054787
1458	2	13.78982	.0055719
1963	2	13.83115	.0056617
3657	2	13.866	.0057385
1359	2	13.9295	.0058885
1401	2	13.98342	.0060158
2643	2	14.03252	.0061317
3697	2	14.12343	.0063464
3775	2	14.157	.0064257
3825	1	14.21145	.0065543
4091	1	14.24974	.0066447
3943	2	14.30891	.0067855
422	2	14.35178	.0068892
1720	2	14.41249	.007036
1797	2	14.46054	.0071531
2298	3	14.50409	.0072608
4183	2	14.54057	.0073528
1433	2	14.58752	.0074747
760	2	14.62403	.0075699
3452	2	14.65518	.0076511
962	1	14.69862	.007766
1424	2	14.7434	.0078849
4191	3	14.79712	.0080298
2205	2	14.84261	.0081528
3789	3	14.8866	.0082721
1227	2	14.97136	.0085041
424	2	15.06398	.0087586
1213	2	15.10763	.0088815
79	1	15.15577	.0090179
213	2	15.18989	.0091146
450	2	15.23718	.0092486
607	1	15.27031	.0093425
1261	1	15.31447	.0094676
1504	2	15.35465	.0095815
1544	1	15.38719	.0096737
1592	1	15.43781	.0098171
1751	2	15.49749	.0099863
1804	2	15.54657	.0101253
2057	2	15.59187	.0102537
2268	2	15.63473	.0103752
2972	1	15.67138	.010479
3461	1	15.7033	.0105695
3716	2	15.74528	.0106884
3739	3	15.78922	.0108129
4418	2	15.84072	.0109589
822	1	15.89008	.0111032
2331	2	15.92962	.0112197
2078	1	15.98081	.0113735
4177	2	16.01834	.0114898
2094	3	16.07582	.0116707
1264	2	16.14172	.011883
2793	2	16.19291	.0120494
250	2	16.22178	.0121448
2625	2	16.27406	.0123177
1496	1	16.31582	.0124567
929	1	16.35169	.0125774
1003	2	16.39716	.0127311
1924	2	16.46978	.0129908
2395	1	16.51561	.0131562
3726	2	16.54456	.0132606
3901	2	16.58169	.0133951
1516	1	16.63269	.0135859
257	2	16.68138	.0137698
819	2	16.72228	.0139244
827	2	16.78902	.0141765
1404	2	16.82499	.0143124
1431	2	16.90545	.0146164
2050	2	16.9333	.0147217
2829	2	17.00011	.0149741
3457	2	17.05848	.0151946
4520	2	17.09966	.0153502
2899	2	17.14989	.0155405
831	2	17.19693	.0157227
439	3	17.25757	.0159731
3569	2	17.31787	.0162237
2266	2	17.34842	.0163509
3218	2	17.40598	.0165924
1249	2	17.46742	.0168535
3264	2	17.5273	.017108
2959	2	17.57353	.017308
2520	3	17.62306	.0175279
3370	2	17.67596	.0177628
2157	2	17.71814	.0179525
4325	2	17.7822	.0182408
318	2	17.82942	.0184549
2874	2	17.89458	.0187557
226	2	17.93553	.0189452
340	2	17.96604	.0190865
1459	2	18.02405	.0193579
324	1	18.07732	.0196095
535	2	18.1059	.0197445
648	2	18.16966	.0200456
1272	1	18.22425	.0203034
1572	2	18.25208	.0204348
1625	3	18.29707	.0206473
1693	2	18.35299	.0209114
2567	2	18.39697	.0211192
2576	2	18.4749	.0214872
2935	1	18.51551	.021679
3055	2	18.56744	.0219243
3098	2	18.62016	.0221733
3230	2	18.67429	.0224289
3314	1	18.7492	.0227827
3557	2	18.80707	.023056
3605	2	18.85123	.0232646
4149	2	18.88726	.0234348
4321	2	18.94847	.0237238
4350	1	18.9992	.0239635
4447	2	19.0326	.0241212
2287	2	19.06607	.0242815
1542	3	19.12114	.024549
1676	2	19.17732	.0248245
3208	1	19.23189	.025092
2148	2	19.27614	.0253127
3258	2	19.35117	.025689
1767	3	19.40617	.0259711
2085	2	19.47016	.0262992
4084	3	19.52801	.0265958
307	2	19.56035	.0267638
325	3	19.6168	.0270571
1750	2	19.65627	.0272659
118	1	19.69854	.0274947
722	2	19.74101	.0277258
633	2	19.80973	.0281009
159	3	19.84821	.0283133
586	2	19.91864	.0287032
2443	3	19.94705	.0288608
2653	3	20.00972	.0292101
149	2	20.0694	.0295483
1564	2	20.11066	.0297821
1785	2	20.14431	.0299729
2095	2	20.2089	.0303389
2198	3	20.2827	.0307572
2237	1	20.35073	.0311428
2377	2	20.39496	.0313934
3376	2	20.4458	.0316816
358	3	20.5028	.0320051
381	2	20.55015	.032282
143	2	20.59456	.0325421
1165	2	20.63844	.0328032
2552	1	20.69058	.0331175
620	1	20.73272	.0333762
950	2	20.78037	.0336768
2206	2	20.82995	.034
1692	2	20.90979	.0345279
2146	1	20.95095	.0348001
2165	2	21.01446	.03522
2194	2	21.05753	.0355047
2200	1	21.099	.035779
2654	2	21.1282	.035972
3503	2	21.16079	.0361876
3868	3	21.21421	.0365408
4153	2	21.2575	.036827
658	3	21.32459	.0372711
614	2	21.38486	.0376778
1740	2	21.44375	.0380779
1608	2	21.49354	.0384236
4464	2	21.54915	.0388163
2129	2	21.59031	.0391079
3719	2	21.65535	.0395687
1255	2	21.70615	.0399353
2039	3	21.76205	.0403439
3344	2	21.83403	.04087
3878	2	21.89216	.0412962
3335	2	21.94004	.0416505
3809	2	22.00125	.042106
1917	2	22.06939	.0426208
94	2	22.10743	.0429083
704	2	22.181	.0434643
1184	1	22.21909	.0437521
1186	3	22.28378	.044241
1609	2	22.326	.04456
2277	1	22.40307	.0451424
2466	2	22.45093	.045504
2716	3	22.50988	.0459495
2872	2	22.55955	.0463248
3919	2	22.60319	.0466546
4199	1	22.66534	.0471243
4468	2	22.70046	.0473896
2989	2	22.75233	.0477855
598	2	22.79857	.0481393
298	2	22.8698	.0487045
268	2	22.91874	.0490975
2382	2	22.96315	.049454
4348	2	23.01935	.0499084
1892	2	23.06261	.0502597
2104	2	23.11651	.0507022
1847	3	23.15643	.0510301
838	2	23.21344	.051502
3584	2	23.26814	.0519557
3283	2	23.30387	.0522558
1153	2	23.30607	.0522743
2150	2	23.36759	.0527973
3022	2	23.41843	.0532295
3107	3	23.49043	.0538416
3498	2	23.5426	.0542851
3756	2	23.57954	.0545992
4289	3	23.62113	.0549527
2979	2	23.65483	.0552423
3579	2	23.72676	.055884
352	2	23.77033	.0562749
1611	2	23.82231	.0567543
3777	3	23.91989	.057654
508	1	23.96562	.0580782
1181	2	24.00731	.0584691
8	1	24.05049	.058877
188	2	24.11158	.0594541
214	2	24.15719	.0598849
562	1	24.20037	.0602928
738	2	24.2677	.0609288
1479	1	24.31353	.0613617
2451	2	24.37759	.0619668
2917	2	24.41159	.062288
3076	2	24.47132	.0628522
3263	2	24.5427	.0635264
3363	2	24.58251	.0639025
3427	3	24.65088	.0645483
3686	3	24.70867	.0650942
3759	2	24.76397	.0656165
4029	2	24.82242	.0661687
4039	2	24.87465	.066662
4109	2	24.93027	.0671874
2850	2	24.98333	.0676916
3953	2	25.04831	.0683109
3342	2	25.10714	.0688721
2677	2	25.1418	.0692034
711	3	25.21011	.0698616
1950	2	25.24456	.0701948
2958	2	25.29008	.070635
1873	2	25.35822	.0712964
2786	2	25.41064	.0718063
4010	2	25.48268	.0725072
2245	3	25.56448	.0733075
3647	2	25.62093	.0738611
525	2	25.6567	.074215
1663	1	25.71054	.074749
3412	2	25.78803	.0755293
2446	3	25.83486	.0760032
2578	2	25.89003	.0765627
3695	2	25.9347	.0770184
2551	2	25.99482	.0776392
1093	3	26.07414	.0784635
2126	2	26.10797	.0788149
4491	1	26.14955	.079247
132	2	26.20493	.0798249
1722	2	26.24138	.0802106
809	3	26.29127	.0807423
3936	2	26.34511	.0813164
1248	2	26.39593	.0818604
3627	2	26.43662	.0822986
454	1	26.49318	.0829092
3677	2	26.5408	.0834236
37	2	26.57792	.083826
2182	2	26.63917	.0844914
2736	2	26.67228	.084851
3039	2	26.75185	.0857172
1859	1	26.79624	.0862036
3231	3	26.84964	.0867917
1588	2	26.90072	.0873546
4048	1	26.99608	.0884055
639	3	27.03409	.0888256
546	2	27.07517	.0892802
4439	1	27.13154	.0899042
1547	3	27.19199	.090584
17	3	27.23281	.0910467
272	2	27.2968	.091772
295	2	27.33959	.092257
364	3	27.39539	.0928895
582	2	27.43578	.0933473
977	2	27.48237	.0938754
1765	1	27.51727	.0942711
3930	2	27.56967	.094865
4046	3	27.61394	.0953668
4082	2	27.65865	.0958735
2864	1	27.70104	.0963549
356	2	27.75179	.0969334
3871	2	27.79367	.097411
1594	1	27.82253	.0977452
3328	3	27.86329	.0982209
3636	3	27.86802	.0982763
3662	1	27.91419	.0988163
2968	2	27.98617	.0996661
1083	2	28.03472	.100244
2138	2	28.06853	.100653
1777	2	28.14747	.1016262
678	2	28.18312	.1020672
1571	2	28.22643	.102608
3997	2	28.29356	.1034535
1187	3	28.34719	.1041313
4440	3	28.39865	.1047817
1513	2	28.45437	.1054922
1523	2	28.50049	.1060835
3954	2	28.55547	.1067883
2173	2	28.59545	.1073012
2916	2	28.65686	.1081008
4507	2	28.68717	.1084962
3587	1	28.73263	.1090931
1844	2	28.77988	.1097179
2196	2	28.83034	.110409
4033	2	28.88511	.111176
2476	2	28.94454	.112009
949	2	28.9929	.1126942
1438	2	29.05696	.1136019
1698	2	29.10303	.1142547
2363	2	29.13663	.1147307
2483	2	29.21471	.1158371
2810	2	29.26489	.116548
3006	2	29.3088	.1171701
3114	3	29.34643	.1177033
3292	2	29.38811	.1182939
3367	2	29.39359	.1183715
3727	1	29.42603	.1188312
3834	2	29.47591	.119538
3840	2	29.55135	.1206068
4121	2	29.60911	.1214252
4135	3	29.68048	.1224364
4379	2	29.74318	.1233247
4510	2	29.80173	.1241544
3625	2	29.83278	.1245967
3095	3	29.86586	.1250692
530	2	29.90609	.1256446
3325	2	29.95991	.1264275
746	3	30.00835	.1271327
197	3	30.07648	.1281303
240	3	30.1096	.1286184
3073	2	30.1669	.1294689
3639	1	30.21643	.130204
2401	3	30.27902	.1311394
1441	2	30.31439	.1316739
2225	2	30.3604	.1323693
3141	2	30.40769	.133084
3192	3	30.46954	.1340188
1221	2	30.53636	.1350375
1239	2	30.60302	.1360587
1758	1	30.65385	.1368414
4287	3	30.65582	.1368719
1467	2	30.71048	.1377187
4308	2	30.77046	.1386513
1383	1	30.82753	.1395392
771	3	30.88805	.140487
1217	2	30.90882	.1408141
3833	2	30.95891	.1416183
4502	2	31.02814	.1427301
2242	2	31.08913	.1437176
1716	2	31.09356	.1437896
2195	1	31.13867	.1445241
3615	2	31.19536	.1454549
2041	3	31.23421	.1460941
1781	2	31.28715	.1469752
4306	2	31.33587	.1477935
2132	3	31.38467	.1486166
1464	2	31.43424	.1494595
2430	2	31.47321	.150122
2774	2	31.52737	.1510429
3903	3	31.56018	.1516007
1358	2	31.60056	.1522877
1574	1	31.63951	.1529535
3113	2	31.67439	.1535527
4310	2	31.71675	.1542826
2106	2	31.78173	.1554144
2526	3	31.84786	.1565745
636	3	31.88151	.1571657
1779	2	31.92411	.1579188
818	1	31.96882	.158711
2933	2	32.01252	.1594928
229	2	32.08286	.1607553
2517	2	32.1459	.1618867
3632	2	32.19423	.1627562
4320	2	32.22462	.1633121
1113	2	32.2897	.1645124
2373	3	32.34222	.1654809
2509	3	32.38601	.1662944
719	3	32.45437	.1675659
3199	2	32.49628	.1683575
160	1	32.538	.1691455
495	2	32.58622	.1700566
812	2	32.67885	.1718064
1246	3	32.73726	.1729099
1443	2	32.77213	.1735687
1965	3	32.86792	.1753784
2168	3	32.91843	.1763325
2216	2	32.97219	.1773481
2688	2	33.04078	.1786439
3109	2	33.1059	.1798743
3131	2	33.1499	.1807055
3490	2	33.20722	.1817883
3565	2	33.25027	.1826016
3757	2	33.307	.1836732
3320	1	33.3695	.1848569
828	2	33.42878	.1859795
1756	3	33.48888	.1871259
1531	1	33.54435	.1881842
4000	3	33.6112	.1894599
1095	3	33.66098	.1904115
3908	2	33.70756	.1913146
3616	2	33.7849	.1928156
709	2	33.8471	.1940242
1994	3	33.92794	.1956033
1451	2	33.96503	.1963291
1639	2	34.01435	.1972961
3897	3	34.06693	.1983367
762	3	34.12106	.1994105
4393	2	34.16187	.2002199
3508	2	34.20204	.2010373
3588	2	34.23953	.2018039
2414	3	34.30989	.2032597
997	3	34.31691	.2034058
1067	1	34.36378	.2043798
2253	1	34.41819	.2055104
3219	2	34.45689	.2063146
3993	2	34.48449	.2068903
1795	3	34.53594	.2079641
1707	2	34.58895	.2090719
1807	2	34.63281	.2100041
2930	2	34.67521	.2109052
2814	2	34.717	.2117958
1002	2	34.78482	.2132418
2155	1	34.8388	.2143999
2368	2	34.88418	.2153857
2222	3	34.92397	.2162535
4515	2	34.9865	.2176232
629	2	35.04626	.218935
3398	2	35.11022	.2203403
233	3	35.16431	.2215664
2604	3	35.21251	.2226592
3714	3	35.22617	.2229704
1106	2	35.28042	.2242188
2982	3	35.34076	.2256129
2834	2	35.38132	.2265541
1474	1	35.39203	.226805
2098	2	35.44551	.2280619
431	2	35.5049	.2294644
686	2	35.50944	.2295715
764	2	35.55038	.2305382
894	2	35.57718	.2311712
1040	3	35.58615	.231383
2359	3	35.64414	.2327525
2527	2	35.69362	.2339209
2548	2	35.74128	.2350464
3078	1	35.7858	.2360978
3387	3	35.83185	.2371851
3876	2	35.88378	.2384114
4157	2	35.93984	.2397354
1788	1	35.99913	.2411461
3252	3	36.04342	.2422003
2128	3	36.09574	.2434476
3048	2	36.15367	.2448287
3465	2	36.20103	.2459594
513	2	36.23703	.2468307
2934	2	36.28597	.2480349
91	2	36.35748	.2498039
3441	3	36.44931	.2520799
1419	2	36.5118	.253632
1657	2	36.56485	.2549632
1563	2	36.623	.256428
653	2	36.65687	.2572917
2512	3	36.69283	.2582088
2699	3	36.7591	.2598989
4031	3	36.82554	.2615934
3796	3	36.86448	.2625875
2212	3	36.88525	.2631267
4106	2	36.92568	.2641777
1060	3	36.98954	.2658658
1305	2	37.02877	.2669043
2452	2	37.08435	.2683795
2037	2	37.16367	.2705058
4378	2	37.20999	.2717476
2408	2	37.26085	.2731248
1789	2	37.31064	.2744981
2991	3	37.37203	.2762262
3722	2	37.42063	.2775946
125	2	37.48672	.2794676
488	1	37.53557	.2808518
583	3	37.59481	.2825304
588	2	37.63428	.283649
1090	2	37.69429	.2853495
1688	1	37.73822	.2865943
1955	2	37.78661	.2879657
2189	1	37.84098	.2895064
2201	2	37.87278	.2904074
2314	2	37.9117	.2915103
2549	3	37.96552	.2930355
2624	2	38.02964	.2948526
2925	3	38.07196	.2960517
4417	1	38.11679	.2973222
4485	3	38.16227	.2986109
2666	3	38.20761	.2998962
712	1	38.24433	.3009414
3308	3	38.28832	.3022079
300	1	38.33911	.3036711
1435	2	38.40524	.3055777
1420	3	38.47521	.3076078
3193	3	38.57058	.3103746
3679	3	38.62346	.3119127
3812	2	38.66469	.3131201
2906	2	38.72579	.314914
310	2	38.79463	.3169423
3012	3	38.84371	.3184008
107	2	38.84909	.3185608
1944	2	38.9023	.320154
1954	2	38.94039	.3212955
3931	2	38.99834	.3230419
3157	3	39.05491	.3247607
523	2	39.06116	.3249521
2516	2	39.09821	.3260853
4344	2	39.16531	.3281454
4142	3	39.22182	.3299068
335	2	39.28392	.3318509
1932	3	39.34986	.3339207
3312	2	39.41769	.3360504
1886	2	39.45758	.3373203
2341	3	39.52282	.339428
2739	3	39.56646	.3408414
2296	3	39.60891	.34222
1732	2	39.6634	.3439906
3521	3	39.71308	.3456048
1168	2	39.76519	.3473009
2391	2	39.81859	.3490422
136	2	39.85458	.3502184
2479	3	39.92171	.3524253
473	3	39.97341	.3541344
1783	2	40.03193	.3560692
4333	2	40.06319	.3571027
1628	3	40.11924	.3589842
4103	3	40.17752	.3609552
3925	2	40.22705	.3626438
723	3	40.25863	.3637323
12	3	40.31401	.3656552
1860	2	40.35148	.366965
22	3	40.41346	.36914
853	2	40.46802	.3710667
1421	2	40.50156	.3722528
1251	2	40.53495	.3734464
3924	2	40.58975	.375407
1062	2	40.6483	.3775087
2004	3	40.69373	.3791473
3538	2	40.74989	.3811833
896	3	40.79984	.3830011
2276	3	40.81905	.3837015
2190	3	40.86714	.3854622
555	2	40.92083	.3874301
3023	1	40.95752	.3887787
981	3	41.00799	.390638
3886	2	41.08974	.3936535
2364	2	41.15981	.3962543
965	2	41.19658	.39762
1280	2	41.23447	.3990318
647	2	41.27918	.4006991
763	2	41.34296	.40308
768	3	41.39377	.4049905
174	2	41.44986	.4071099
481	3	41.5041	.409159
1893	2	41.56625	.4115072
2256	3	41.62542	.4137428
2321	3	41.69652	.4164295
4116	2	41.76031	.4188398
2002	2	41.80598	.4205825
2137	2	41.81313	.4208591
904	3	41.82198	.4212055
4399	3	41.90017	.4242935
2591	3	41.95427	.4264396
2280	3	41.99183	.4279324
3564	2	42.04677	.4301215
4307	2	42.08866	.431793
3143	3	42.14111	.4338878
3729	2	42.18082	.4354758
2010	2	42.25323	.4383858
1501	2	42.3329	.4415931
1593	3	42.40824	.4446292
1737	2	42.48057	.4475509
995	3	42.53199	.449632
1432	3	42.60429	.4525674
3496	2	42.67285	.4553552
507	2	42.72695	.4575587
662	2	42.78752	.4600366
3124	3	42.83667	.4620485
2623	2	42.88999	.4642352
585	2	42.93788	.4662257
2962	3	42.95192	.4668165
4175	2	43.0078	.4691886
483	2	43.05849	.4713432
604	3	43.10453	.4733002
3408	2	43.15759	.4755556
4499	2	43.16185	.4757372
4224	2	43.23026	.4786712
41	3	43.29655	.4815455
1489	2	43.36235	.4844045
3779	2	43.42191	.4870152
276	2	43.48834	.4899316
2796	2	43.54229	.4923009
205	3	43.59768	.4947391
3372	3	43.6405	.4966306
3678	2	43.65878	.4974391
780	2	43.69682	.4991278
2441	2	43.73885	.5010006
1957	3	43.76857	.5023286
221	2	43.80354	.5038975
202	2	43.86332	.5066067
275	2	43.92424	.509369
2409	3	43.9719	.5115406
1369	2	44.01764	.5136269
412	2	44.07582	.5162843
4330	3	44.15726	.5200936
3960	3	44.18511	.5213984
2457	2	44.26438	.5251136
2577	2	44.31583	.5275333
683	2	44.37236	.5302033
1308	3	44.42603	.5327378
1468	3	44.49998	.5362308
1605	3	44.54985	.538586
2803	2	44.61298	.5415676
2954	2	44.65467	.5435365
2971	2	44.68964	.5451885
3051	3	44.69218	.5453084
4189	1	44.69361	.5453759
4383	2	44.74852	.5479693
4407	3	44.80476	.5506254
378	1	44.85916	.553195
4328	2	44.92166	.5561587
4076	3	44.92885	.5565
1585	1	44.96801	.558384
1701	2	45.02217	.5609931
3927	1	45.08448	.5639972
4096	3	45.15922	.5676212
3942	2	45.22957	.5710664
2798	2	45.27034	.5730652
2929	2	45.33493	.5762392
1378	2	45.39073	.5790017
2947	2	45.42568	.5807344
3164	3	45.46434	.5826598
36	3	45.5261	.5857514
2500	2	45.57698	.5883017
2742	3	45.63404	.5912052
4300	3	45.68793	.593954
2986	3	45.74309	.5967733
186	2	45.79724	.5995452
4176	3	45.83199	.6013246
1621	2	45.88686	.604148
1356	2	45.94855	.607353
1552	2	45.98755	.6093793
1566	3	46.03476	.6118315
2669	2	46.09423	.6149216
4083	2	46.15195	.6179203
1320	3	46.15381	.618017
2649	2	46.19352	.6200833
1712	2	46.27507	.6243421
945	2	46.32915	.6272007
2936	3	46.37861	.629817
3707	2	46.43105	.6325936
54	1	46.46935	.6346484
1653	2	46.52122	.637441
2493	3	46.556	.6393136
1526	3	46.61367	.6424404
1938	2	46.71058	.6477133
913	3	46.75553	.6501747
3369	3	46.81012	.6531647
2135	3	46.8563	.6556942
4072	2	46.91628	.6589803
1449	2	46.96286	.6615369
2119	2	47.03125	.6652959
1322	3	47.03719	.6656242
4108	3	47.08031	.6680124
4304	3	47.08577	.6683149
3434	2	47.14443	.6715848
2099	3	47.19421	.6743863
3112	2	47.25336	.6777273
2537	2	47.26516	.6783955
384	2	47.2879	.6796844
494	2	47.33983	.6826273
776	3	47.34602	.6829782
854	3	47.35272	.6833579
1956	2	47.40444	.686289
2031	2	47.47575	.6903305
3155	2	47.51261	.6924194
4052	3	47.54921	.6944938
3422	3	47.63396	.699312
3734	3	47.66966	.7013434
2652	2	47.68888	.7024493
103	2	47.75216	.706102
503	2	47.7959	.7086515
3167	2	47.83392	.7108703
467	3	47.86523	.7127011
2820	1	47.92249	.7161029
4319	2	47.96158	.7184292
4448	2	48.01477	.7216049
1230	2	48.07488	.7252066
3870	2	48.14486	.7294117
1078	2	48.18653	.7319418
3909	2	48.23084	.7346343
3683	2	48.27971	.7376137
1759	3	48.32673	.7404962
1536	2	48.36596	.7429051
1665	2	48.41493	.7459118
1987	3	48.49426	.7507823
4386	1	48.53562	.7533218
2685	3	48.59985	.7572942
999	2	48.61323	.7581276
2835	3	48.67966	.7622694
1081	2	48.6856	.7626401
492	1	48.74244	.7662029
148	2	48.78816	.7690783
4020	3	48.8451	.7726746
718	2	48.90335	.7763606
3232	2	48.93717	.778501
3830	2	48.99432	.7821247
567	2	49.06848	.7868459
2704	3	49.07273	.7871175
1940	2	49.07478	.7872496
451	3	49.12926	.7907645
4518	1	49.16766	.7932442
1497	3	49.21316	.7961882
3088	2	49.25533	.7989206
2645	2	49.26149	.7993206
1512	3	49.32095	.8031985
3920	3	49.33478	.8041008
2403	2	49.39289	.8079116
1179	2	49.45937	.8122949
361	2	49.50693	.8154331
1724	2	49.57691	.8200563
140	2	49.63148	.8236642
1142	3	49.71532	.8292083
1411	3	49.75558	.8318698
1884	3	49.80544	.835167
2920	2	49.85345	.8383409
3748	3	49.89172	.840872
4396	3	49.90463	.8417255
1568	3	49.94339	.8443031
1047	2	49.99598	.8478301
2530	2	50.05799	.8519889
1425	3	50.11139	.8555875
4406	3	50.15007	.8582327
4480	3	50.20653	.8620992
3926	3	50.24464	.8647642
4371	2	50.26842	.8664275
2603	2	50.3346	.8710651
3650	3	50.38511	.8746139
856	2	50.44159	.8786154
2545	3	50.48584	.8817644
4283	2	50.53796	.8855016
569	2	50.62888	.8920443
1871	2	50.69495	.8967997
3977	2	50.736	.8997583
3378	3	50.73787	.8998943
48	2	50.7981	.9042848
2555	3	50.83586	.907047
651	3	50.88684	.9107791
3838	2	50.94425	.9149966
1672	2	51.00944	.9197881
274	2	51.079	.9249196
1317	1	51.14564	.9299014
2758	2	51.20349	.9342649
514	3	51.25132	.9378796
699	3	51.31812	.9429269
729	3	51.37282	.9470608
1092	2	51.43562	.9518059
2323	3	51.49143	.9560241
3020	3	51.55801	.961055
3621	2	51.60494	.9646164
1865	2	51.68982	.9710763
3223	3	51.70386	.9721503
1557	3	51.7929	.9789646
911	2	51.85634	.9838383
1717	2	51.94179	.9904796
1713	2	51.99532	.9946473
4079	3	52.06392	1.000015
393	3	52.09058	1.002102
2636	2	52.14286	1.00626
1035	3	52.19582	1.010511
2794	2	52.23012	1.013265
4353	3	52.23981	1.014043
1282	2	52.28246	1.017474
108	2	52.33549	1.021749
2830	3	52.3962	1.026702
4119	3	52.44269	1.030508
4267	3	52.49936	1.035147
3604	2	52.55828	1.039976
923	3	52.62305	1.045296
3492	3	52.66578	1.048813
2313	2	52.71761	1.053099
1063	2	52.7251	1.053722
2303	2	52.764	1.05699
3694	2	52.81068	1.060915
4089	3	52.8145	1.061237
485	3	52.85956	1.065065
3854	2	52.90416	1.068854
1632	3	52.94678	1.072477
2977	3	53.02431	1.079069
3816	3	53.04185	1.08056
3573	2	53.09412	1.08501
1947	2	53.1256	1.087696
88	2	53.17838	1.092245
2495	2	53.22129	1.095949
1085	2	53.28251	1.101236
29	1	53.35155	1.10722
2183	2	53.40024	1.111451
3474	2	53.41885	1.113069
537	3	53.45534	1.11624
1197	2	53.50422	1.120494
242	1	53.58859	1.127844
3299	3	53.63478	1.131883
689	3	53.69255	1.136968
1595	2	53.73825	1.140998
2847	3	53.78329	1.144996
3459	2	53.79284	1.145847
2723	3	53.88595	1.154162
3040	2	53.89188	1.154695
4120	1	53.97211	1.161894
3279	3	54.02359	1.166518
2366	2	54.05753	1.169576
3052	3	54.13285	1.176393
1578	2	54.17792	1.180479
3720	3	54.23303	1.185477
833	2	54.27414	1.189223
584	3	54.28084	1.189843
1132	3	54.32021	1.193515
1483	3	54.37571	1.198738
123	2	54.43451	1.204288
368	3	54.49606	1.2101
338	3	54.55558	1.215722
392	1	54.56095	1.216229
677	2	54.61276	1.221123
789	3	54.68374	1.227828
1206	3	54.68769	1.228201
1644	3	54.68793	1.228224
1736	2	54.73328	1.232507
1799	3	54.79604	1.238435
2038	2	54.90697	1.248914
2792	3	54.94872	1.252857
3166	1	55.00397	1.258076
3371	2	55.05323	1.262729
3951	2	55.1085	1.26795
4299	1	55.15359	1.272209
4416	3	55.15552	1.272391
4478	3	55.21057	1.277592
2311	2	55.21836	1.278333
1916	2	55.28571	1.284767
501	2	55.34145	1.290094
2058	3	55.3793	1.293741
566	2	55.42696	1.298361
2449	3	55.47799	1.303315
4258	3	55.52256	1.307645
3291	2	55.55185	1.310517
4278	1	55.61317	1.316541
1879	2	55.66067	1.321218
2090	3	55.69793	1.324913
3480	2	55.70496	1.32561
3675	2	55.75053	1.330133
4402	2	55.783	1.333377
3483	2	55.81934	1.337016
609	2	55.88166	1.343341
3808	2	55.93419	1.348775
3090	3	55.93557	1.348919
1302	3	55.98312	1.353859
1743	2	56.04672	1.360467
3989	2	56.09581	1.365568
4204	3	56.14022	1.370182
2028	3	56.22476	1.37899
2769	3	56.2537	1.382007
3961	2	56.29152	1.38597
1388	2	56.3344	1.390474
2877	3	56.36469	1.393679
2402	2	56.40036	1.397465
3820	2	56.45946	1.403773
2541	3	56.51227	1.409469
120	3	56.57249	1.416047
4018	2	56.57411	1.416224
4227	2	56.62664	1.42198
4469	3	56.63245	1.422619
2426	2	56.67712	1.427556
4294	3	56.73817	1.434319
2339	2	56.7781	1.43875
835	3	56.84509	1.446243
3402	2	56.88742	1.451009
1530	3	56.95118	1.458211
2121	3	56.98249	1.46176
1674	3	57.01888	1.465885
1969	1	57.06352	1.470944
2823	3	57.1311	1.478606
2597	2	57.18488	1.484771
2702	3	57.24041	1.49117
1094	3	57.27924	1.495673
830	2	57.29046	1.496992
685	2	57.37166	1.506581
847	2	57.38304	1.507925
3317	3	57.38757	1.508462
3316	3	57.42276	1.512634
1745	2	57.49358	1.521037
1247	3	57.53825	1.526348
3301	2	57.58614	1.532122
1339	3	57.61539	1.535648
3119	2	57.6647	1.541596
2565	2	57.72628	1.549041
166	3	57.73634	1.55026
2252	2	57.75334	1.552323
3969	3	57.79778	1.557741
3799	2	57.8741	1.567062
1038	2	57.9665	1.578376
1801	2	58.0031	1.582871
2582	3	58.05507	1.589253
938	2	58.10722	1.595658
2826	3	58.1456	1.600406
3641	2	58.20407	1.607697
3497	2	58.28215	1.617507
1123	3	58.35505	1.626671
3659	2	58.41464	1.634185
2575	2	58.42002	1.634863
2914	3	58.42455	1.635437
2429	2	58.49152	1.643956
4026	3	58.54023	1.650162
1604	3	58.55022	1.651439
3848	2	58.59857	1.657655
1633	2	58.65612	1.665071
4343	2	58.70473	1.671349
915	2	58.75596	1.677985
4139	1	58.79317	1.682805
4252	2	58.84029	1.688914
423	3	58.89235	1.695704
1316	2	58.94665	1.702885
2063	3	58.98228	1.707597
3102	3	59.01048	1.711327
3485	2	59.07861	1.720336
3139	2	59.13733	1.728112
265	2	59.18711	1.734715
4457	2	59.25409	1.743634
4117	2	59.32779	1.75347
2804	2	59.38094	1.76061
1998	3	59.43951	1.768514
2009	3	59.49181	1.775584
2724	3	59.58044	1.787583
334	2	59.67736	1.800773
3247	2	59.71	1.80524
1108	3	59.76461	1.812719
2891	3	59.8257	1.821087
2695	2	59.89056	1.829984
664	2	59.96445	1.840156
4326	2	60.00405	1.845616
2851	2	60.03989	1.850566
4154	2	60.13261	1.863399
4293	3	60.1989	1.872585
458	3	60.28251	1.884195
359	2	60.34249	1.892542
53	2	60.38981	1.899147
2376	3	60.43716	1.905824
2134	3	60.48887	1.913124
1011	2	60.54193	1.920629
2795	2	60.57517	1.925339
3542	3	60.6542	1.93655
2525	3	60.76514	1.952303
956	1	60.77133	1.953189
3607	2	60.80886	1.95856
2131	3	60.86226	1.966277
4409	2	60.8646	1.966617
1191	3	60.91439	1.973827
241	3	60.95675	1.979992
3200	2	61.03099	1.990824
1000	2	61.11326	2.00288
2535	2	61.17746	2.012294
3768	3	61.24906	2.022845
1882	2	61.30495	2.03111
3004	2	61.35659	2.038749
1590	2	61.42821	2.049348
3813	2	61.48146	2.057231
1010	3	61.53895	2.06579
2670	2	61.57906	2.07178
3770	2	61.62785	2.079119
1175	3	61.67401	2.086095
2342	3	61.71497	2.092325
3923	2	61.76414	2.099813
3563	3	61.81926	2.108268
1659	3	61.87716	2.117174
3703	3	61.94802	2.128077
3224	2	62.00464	2.136796
4329	3	62.05226	2.144143
3216	2	62.08007	2.148443
1943	3	62.09343	2.150519
2223	2	62.15108	2.159481
2209	1	62.21119	2.168862
2543	3	62.2813	2.179949
2684	2	62.36405	2.193094
1749	3	62.41378	2.201065
430	2	62.48363	2.21228
1387	2	62.53547	2.220606
3377	2	62.56998	2.226146
2267	2	62.62817	2.235505
3396	3	62.64886	2.238849
3060	2	62.74643	2.254703
3083	3	62.81594	2.266014
4269	3	62.82067	2.266786
1725	2	62.8718	2.275134
2024	3	62.91	2.281388
3593	3	62.96959	2.291144
2427	2	63.02628	2.300487
1073	2	63.05512	2.305242
2504	2	63.10984	2.314281
2485	2	63.18274	2.326329
1690	2	63.22544	2.333408
1250	2	63.28148	2.342796
2878	2	63.31752	2.348847
1170	3	63.39336	2.361675
1868	2	63.44122	2.369813
3661	2	63.50437	2.380617
3059	3	63.57748	2.393129
1361	2	63.6291	2.401976
4483	2	63.63157	2.402399
3527	2	63.69539	2.413366
222	3	63.76789	2.4259
2454	2	63.80856	2.432933
117	2	63.88347	2.44594
429	2	63.88505	2.446216
2528	3	63.93844	2.455597
3670	3	63.98825	2.464402
3099	2	64.04427	2.474332
2745	3	64.09109	2.482648
1237	3	64.13915	2.491199
3146	3	64.18584	2.499507
2076	2	64.24062	2.509275
907	3	64.27664	2.515739
1195	2	64.30225	2.520334
1655	2	64.36226	2.531104
2357	2	64.40991	2.539656
2020	3	64.41371	2.540339
2440	1	64.45486	2.547738
4381	2	64.47891	2.552065
2622	3	64.54548	2.564092
2275	3	64.57957	2.570259
925	3	64.60526	2.574908
1457	3	64.65033	2.58308
145	3	64.70255	2.592594
4423	2	64.73508	2.598519
3045	3	64.79555	2.609543
2799	2	64.88742	2.626466
1629	2	64.89294	2.627484
3130	2	64.96563	2.640909
4027	3	64.9687	2.641479
1668	3	65.0284	2.652529
1711	2	65.09588	2.665048
3365	2	65.1752	2.679853
1344	2	65.24373	2.692653
2145	2	65.29388	2.7021
2950	2	65.3531	2.713268
2147	2	65.39795	2.721729
1124	3	65.43444	2.72862
2082	3	65.48621	2.7384
3358	2	65.53487	2.7476
2328	3	65.55511	2.751442
906	2	65.60239	2.760429
1023	3	65.67802	2.774801
1922	3	65.69003	2.777086
1684	3	65.74704	2.787944
3721	3	65.78771	2.795702
1130	2	65.84669	2.807022
4099	3	65.88652	2.814697
185	2	65.93335	2.823722
228	2	65.94749	2.826448
1774	3	65.97778	2.832342
2749	2	66.03234	2.842996
77	3	66.09214	2.854683
144	2	66.14593	2.865197
998	2	66.24129	2.883873
4148	3	66.30608	2.896689
663	3	66.3141	2.89828
3418	2	66.31425	2.898309
2411	3	66.37605	2.910608
1061	2	66.46124	2.927669
2069	2	66.52674	2.940801
3620	2	66.55773	2.947034
3144	2	66.62807	2.96126
2944	2	66.68783	2.973353
281	2	66.75767	2.987505
589	2	66.80886	2.997901
442	2	66.82629	3.001446
193	3	66.83155	3.002519
3281	1	66.83868	3.003987
2619	3	66.89207	3.015004
314	3	66.95707	3.028422
2538	2	67.01177	3.039756
267	2	67.09697	3.05746
777	2	67.1059	3.059316
898	3	67.10906	3.059973
4214	3	67.1109	3.060355
3541	3	67.1846	3.075738
1880	3	67.24412	3.088172
389	2	67.28367	3.096465
2656	2	67.35562	3.111595
2118	2	67.40909	3.122907
2581	3	67.45274	3.132154
1624	3	67.53303	3.149163
2791	2	67.53323	3.149206
961	2	67.58739	3.160897
681	2	67.64297	3.172942
1838	3	67.64551	3.173493
794	3	67.70683	3.186816
2995	2	67.75671	3.197656
1111	3	67.81395	3.210119
3957	2	67.84876	3.21773
2172	3	67.89569	3.22801
4481	3	67.94783	3.239528
916	3	67.99632	3.25029
623	2	68.06238	3.26499
2448	3	68.11143	3.275971
4178	2	68.14587	3.283778
1306	1	68.19953	3.295959
1274	3	68.2597	3.309667
3212	2	68.31468	3.322227
1036	3	68.36468	3.333647
4337	2	68.4071	3.343342
1829	3	68.47018	3.357778
2017	3	68.52358	3.370088
227	3	68.58287	3.383783
2984	2	68.63369	3.395544
4394	3	68.69326	3.40933
1896	3	68.75528	3.423731
438	3	68.81396	3.437371
1146	2	68.82225	3.439301
4506	3	68.88474	3.453942
2320	3	68.94459	3.468042
592	2	69.01004	3.483499
1137	2	69.04657	3.492125
2904	3	69.04968	3.49286
4458	2	69.11411	3.50808
63	3	69.17935	3.523516
4060	2	69.23376	3.536437
3217	2	69.23635	3.537054
2693	2	69.31505	3.555787
349	2	69.33123	3.559663
3356	3	69.39221	3.57427
4187	3	69.44814	3.587675
3618	3	69.50482	3.601312
883	2	69.56337	3.615447
2064	3	69.63861	3.633659
2170	3	69.68943	3.646036
1741	3	69.74814	3.660348
1072	3	69.75375	3.661721
192	2	69.79723	3.672487
138	3	69.83174	3.681064
3724	2	69.84721	3.684928
2927	3	69.9027	3.698826
4174	3	69.95826	3.712759
3406	3	69.96035	3.713282
952	3	70.0081	3.725294
1453	2	70.05988	3.738359
3145	2	70.13564	3.757481
2999	2	70.14964	3.761054
4498	3	70.16037	3.763805
3665	3	70.20493	3.775287
698	3	70.2699	3.792034
1890	3	70.32542	3.806367
204	3	70.41017	3.828332
4101	2	70.44671	3.837823
1376	3	70.49725	3.851094
2861	2	70.57034	3.870285
3839	2	70.64282	3.889327
2955	3	70.69262	3.902452
493	2	70.74013	3.915017
4073	2	70.81605	3.935095
3984	3	70.87258	3.950086
4063	2	70.93597	3.966901
2561	2	70.99178	3.981787
4364	2	71.02995	3.991983
336	3	71.10384	4.011894
293	2	71.13577	4.020562
964	2	71.17353	4.030815
1927	3	71.17796	4.03202
150	3	71.21828	4.042989
2634	3	71.26894	4.056772
1190	2	71.34406	4.077292
417	3	71.39837	4.092132
425	3	71.40291	4.093375
2102	3	71.46301	4.109838
4266	3	71.51323	4.123595
3880	2	71.56806	4.138626
544	2	71.5803	4.141982
3489	2	71.58663	4.143721
3214	2	71.66399	4.165025
3751	3	71.68029	4.169526
3410	3	71.70237	4.175686
305	2	71.75294	4.189837
885	3	71.80634	4.20486
747	3	71.81201	4.206467
3746	3	71.86049	4.220204
3905	2	71.91762	4.236394
2	3	71.92147	4.237489
2951	3	71.972	4.251911
1363	2	72.05573	4.275925
3261	2	72.10351	4.289796
4030	3	72.13157	4.297943
4080	2	72.13319	4.298416
1454	3	72.18121	4.312479
3395	2	72.26894	4.338169
60	2	72.3373	4.358261
3009	3	72.33751	4.358324
958	3	72.33924	4.358837
1481	3	72.39342	4.374935
3259	3	72.47862	4.400269
1910	2	72.5402	4.418707
4028	2	72.58405	4.431954
1118	3	72.58802	4.433153
1410	3	72.6375	4.448175
1075	2	72.70419	4.468624
1145	1	72.75282	4.48355
2952	3	72.80441	4.499403
3072	3	72.82163	4.504703
3772	3	72.88691	4.525022
2828	3	72.91377	4.533395
3138	3	72.94277	4.542435
3362	2	73.00843	4.562944
4051	3	73.0675	4.581411
1341	3	73.11907	4.597592
86	2	73.1201	4.597916
3350	2	73.16653	4.612556
1731	2	73.20524	4.624805
1935	2	73.24721	4.638097
4415	3	73.24738	4.638148
386	3	73.29755	4.65409
2994	3	73.33669	4.666573
3710	3	73.38677	4.682618
1301	1	73.45803	4.705472
4105	3	73.46597	4.708064
1762	3	73.47289	4.710335
379	3	73.5219	4.726451
745	2	73.59763	4.751362
1086	3	73.60259	4.752995
216	1	73.60905	4.755125
661	3	73.61976	4.758667
3298	3	73.63463	4.763582
3043	3	73.68751	4.78107
173	2	73.73772	4.797737
1999	3	73.79371	4.816373
545	3	73.85346	4.836301
2714	3	73.88821	4.847931
1820	2	73.95918	4.871829
751	3	74.01089	4.889413
3108	3	74.07314	4.910593
1471	2	74.11154	4.923704
3057	3	74.17843	4.946751
1841	2	74.21857	4.960583
4349	3	74.26381	4.976178
1283	3	74.2743	4.979797
3204	2	74.27947	4.981581
3420	3	74.32787	4.998289
2728	3	74.39021	5.019823
1660	2	74.43812	5.03637
3122	3	74.4884	5.053777
2790	2	74.53539	5.070072
437	3	74.60321	5.093847
3196	2	74.69463	5.125919
3326	3	74.73	5.138364
4045	2	74.7302	5.138434
631	3	74.7707	5.152851
161	3	74.81247	5.167756
1606	2	74.85185	5.181807
1324	3	74.89436	5.196987
176	3	74.94848	5.216328
922	3	74.96049	5.220627
701	3	75.00588	5.236897
2178	3	75.01357	5.239654
3047	3	75.05815	5.255654
3186	3	75.11919	5.277715
2044	2	75.15911	5.292269
1231	3	75.20386	5.308714
2304	3	75.25022	5.325757
321	3	75.31102	5.348155
4127	3	75.36259	5.367206
4049	3	75.42024	5.388576
247	3	75.4436	5.397256
4239	3	75.48345	5.412144
413	3	75.48771	5.413734
421	3	75.56703	5.443773
1018	3	75.57176	5.445575
3044	2	75.61444	5.461839
463	3	75.62029	5.464066
1931	2	75.67395	5.484591
2557	2	75.71825	5.501589
2542	3	75.77441	5.523315
2868	3	75.82507	5.542922
4124	3	75.83613	5.547203
1374	3	75.90884	5.575363
4185	2	75.967	5.597887
1738	2	76.03644	5.624783
2207	2	76.07904	5.641291
2081	3	76.09364	5.646945
2836	2	76.16022	5.672798
309	3	76.16329	5.673994
2553	3	76.20637	5.690773
731	2	76.26805	5.714911
3381	2	76.32478	5.737157
3319	3	76.33284	5.740325
4366	3	76.33302	5.740396
3311	2	76.36213	5.751896
1948	3	76.40861	5.770291
2369	3	76.43202	5.779581
4066	3	76.46231	5.791598
4305	3	76.46704	5.793475
2203	3	76.54311	5.823668
3290	2	76.57526	5.836592
1866	2	76.66902	5.87458
1992	2	76.72255	5.896372
3008	3	76.75197	5.90836
2316	2	76.80042	5.928159
2568	2	76.81155	5.932722
1974	3	76.89042	5.965075
1986	3	76.94666	5.988348
1209	3	77.00453	6.012661
480	3	77.05461	6.03372
2231	3	77.09251	6.04967
2467	3	77.1228	6.062477
1754	3	77.16272	6.079374
3832	3	77.24204	6.112971
4358	3	77.2433	6.113507
534	2	77.30479	6.139717
867	2	77.30905	6.141532
1300	3	77.40639	6.183274
3786	3	77.44631	6.20044
366	2	77.46043	6.20653
1429	3	77.50777	6.227
2895	2	77.55312	6.246623
955	3	77.61979	6.275588
101	3	77.68118	6.302429
4036	3	77.68369	6.30353
38	3	77.68996	6.306294
245	3	77.69025	6.306421
2461	3	77.69605	6.309008
1850	3	77.75888	6.337061
2393	3	77.82736	6.367925
4277	3	77.88712	6.394963
519	3	77.95557	6.425955
1149	3	78.04516	6.466588
2570	2	78.11804	6.499668
1107	3	78.2078	6.540533
984	2	78.28935	6.57802
3256	2	78.35509	6.608566
720	3	78.43441	6.645728
1477	3	78.43623	6.646582
171	3	78.51555	6.684046
613	3	78.53414	6.692827
3400	3	78.54136	6.696236
3817	3	78.54152	6.696312
4094	2	78.59745	6.722784
1286	2	78.64585	6.74576
3392	3	78.70934	6.775949
3562	2	78.72026	6.781188
4273	3	78.7813	6.810667
1833	2	78.84483	6.84164
1798	2	78.85626	6.847257
4115	3	78.891	6.864391
3955	1	78.89243	6.865107
20	3	78.93903	6.88829
1911	3	78.95039	6.89399
2856	3	78.97721	6.907445
2679	3	78.97745	6.907564
1223	2	79.03182	6.935102
464	2	79.08596	6.962718
2294	2	79.09134	6.965459
441	2	79.14393	6.992364
4421	2	79.19604	7.019032
3374	3	79.27141	7.057631
375	2	79.30699	7.075866
4054	3	79.36709	7.106907
3656	3	79.37014	7.108487
3449	3	79.4241	7.136524
4232	2	79.47228	7.161598
3245	3	79.53969	7.196687
2133	3	79.59049	7.223158
1176	2	79.63994	7.248943
996	3	79.71941	7.29075
1196	2	79.77313	7.319032
152	3	79.85246	7.360886
590	2	79.90459	7.388432
1101	3	79.9075	7.389993
2967	3	79.96871	7.422924
3507	2	80.02937	7.455585
3706	2	80.07932	7.482587
3419	2	80.10463	7.496298
1982	2	80.10917	7.498758
1482	3	80.12653	7.508181
618	3	80.20585	7.551266
1839	2	80.24099	7.570517
3844	3	80.30027	7.603075
3638	2	80.3526	7.63203
2224	3	80.40956	7.66366
2544	2	80.44543	7.683599
3713	3	80.48699	7.706707
972	2	80.54273	7.737948
26	2	80.58086	7.759402
2870	3	80.61051	7.776086
4067	2	80.67073	7.810669
1843	2	80.72472	7.841745
2779	3	80.79865	7.884331
772	3	80.85204	7.915254
59	3	80.87823	7.930453
1816	3	80.895	7.9402
596	2	80.95141	7.973029
2709	2	81.00004	8.001335
2731	2	81.03996	8.024619
3153	2	81.08516	8.051
691	2	81.15001	8.088863
1721	2	81.20239	8.119543
4035	3	81.24841	8.146488
697	2	81.30509	8.179975
2641	3	81.35434	8.209106
3110	3	81.4172	8.246461
4377	3	81.48418	8.286504
1076	2	81.52552	8.311259
1127	3	81.58467	8.346725
2130	3	81.62734	8.372485
2385	3	81.62875	8.373334
3382	3	81.68098	8.404907
671	3	81.68836	8.409377
1253	2	81.73043	8.43487
3932	3	81.78051	8.465252
2540	2	81.82512	8.49245
910	2	81.83447	8.498194
3220	3	81.86773	8.518611
3471	2	81.86784	8.518682
1828	2	81.90322	8.540415
2026	3	81.92076	8.551195
4340	3	81.98212	8.589032
4374	3	81.98666	8.59183
1648	2	82.0363	8.622546
3728	3	82.08933	8.655418
1287	2	82.13961	8.686617
521	3	82.1816	8.712759
1862	3	82.18371	8.714073
3345	2	82.24294	8.751031
2744	2	82.313	8.795277
1930	2	82.37165	8.8325
84	3	82.43491	8.872829
1024	1	82.44836	8.881408
3559	2	82.50266	8.916105
134	2	82.50449	8.917271
1204	2	82.53555	8.937198
573	3	82.59667	8.976408
1766	2	82.65336	9.012988
3760	2	82.70623	9.047194
3948	3	82.71049	9.049951
2948	3	82.73311	9.064664
4107	3	82.77724	9.093429
3491	2	82.82453	9.124315
1472	3	82.85396	9.143613
1510	2	82.93628	9.197747
4069	2	83.01871	9.252102
674	3	83.02091	9.253556
1645	3	83.04462	9.269238
4354	1	83.0909	9.299848
2006	3	83.103	9.307863
1995	3	83.15662	9.343587
2269	2	83.21893	9.385103
2374	3	83.26352	9.414837
3438	2	83.37244	9.487887
1652	2	83.43262	9.528625
1889	2	83.48048	9.56117
3414	3	83.48604	9.564954
2755	2	83.54706	9.606533
2188	3	83.54832	9.60741
3537	3	83.54924	9.608042
1006	2	83.59743	9.641498
1218	3	83.65168	9.679232
4301	2	83.65937	9.684606
2073	3	83.6777	9.697412
3545	3	83.67838	9.697894
783	2	83.74226	9.742552
2632	2	83.77254	9.763787
3933	2	83.83045	9.804694
793	2	83.8397	9.811236
3643	2	83.88228	9.841401
3725	3	83.95213	9.890921
3934	2	83.99293	9.920206
3754	3	84.06278	9.970374
2610	3	84.1145	10.0076
128	3	84.16621	10.04495
2005	2	84.20681	10.07431
3904	2	84.21508	10.08033
637	2	84.22136	10.08493
4434	3	84.22532	10.08784
4186	2	84.29173	10.13671
2264	3	84.29378	10.13823
3529	2	84.32318	10.15992
4086	3	84.37838	10.20064
2546	3	84.44647	10.25097
34	3	84.4538	10.25639
2886	3	84.51848	10.30431
3685	3	84.53377	10.31564
533	2	84.58043	10.35048
1480	2	84.62592	10.38451
4077	2	84.6814	10.42614
106	3	84.68157	10.42627
708	3	84.6879	10.43108
4152	3	84.72782	10.46143
2001	2	84.75906	10.48541
1328	3	84.79477	10.51297
3069	3	84.85561	10.56007
1284	3	84.86194	10.56497
1849	2	84.95434	10.63662
1495	3	84.9747	10.65251
3282	2	85.02635	10.69286
1393	2	85.03088	10.69642
2114	2	85.09573	10.74746
3010	3	85.14782	10.78851
4405	3	85.19524	10.82589
4166	3	85.24031	10.8614
399	2	85.248	10.86752
863	3	85.27789	10.89133
1812	3	85.33538	10.93719
1616	3	85.38475	10.97683
2644	2	85.38567	10.97757
3054	2	85.42098	11.00597
3865	3	85.42743	11.01117
1226	2	85.48354	11.05652
3306	2	85.52709	11.0919
4428	2	85.54632	11.10755
3205	2	85.60605	11.15633
1439	3	85.67302	11.2114
2247	1	85.71691	11.24752
2905	3	85.76913	11.29092
919	2	85.84457	11.35373
4006	3	85.87965	11.38297
937	2	85.92448	11.4204
1900	2	85.97419	11.46191
4140	3	86.0239	11.50343
1265	3	86.02919	11.50787
266	2	86.08788	11.55738
4184	2	86.13818	11.59993
4500	3	86.15057	11.61047
3533	3	86.15649	11.61551
3773	2	86.20091	11.65346
1051	3	86.25717	11.70165
2278	3	86.25964	11.70377
462	2	86.30645	11.7448
2336	3	86.31792	11.75488
4243	2	86.32	11.75671
2853	3	86.34473	11.7788
2580	3	86.41747	11.84379
3558	3	86.45493	11.87726
2615	3	86.45508	11.8774
1008	3	86.52557	11.94065
1412	2	86.57227	11.98264
1836	2	86.63054	12.0351
2987	3	86.63771	12.04162
3242	2	86.67152	12.07255
1503	2	86.75084	12.14544
2533	3	86.76347	12.15708
1260	3	86.81876	12.20826
3058	3	86.82256	12.21178
3203	3	86.90137	12.28515
1500	3	86.95621	12.33629
1240	2	87.01299	12.38947
133	2	87.02126	12.39724
4240	2	87.08734	12.45972
2274	2	87.10337	12.4749
2051	3	87.1526	12.52195
2475	3	87.17585	12.54432
4391	2	87.23647	12.6034
4400	2	87.2505	12.61716
1021	2	87.28744	12.65366
2617	2	87.28918	12.65539
2404	3	87.29829	12.66445
2420	3	87.30965	12.67585
3873	3	87.36481	12.73139
2911	2	87.41378	12.7807
4459	3	87.44551	12.81277
2113	3	87.47809	12.84571
3859	2	87.53981	12.90815
317	2	87.54218	12.91055
3806	3	87.61613	12.98586
2332	3	87.68613	13.05748
4370	2	87.74764	13.12062
1502	3	87.75514	13.12834
4422	2	87.76949	13.14316
477	2	87.78086	13.15497
4013	3	87.78611	13.16045
2086	3	87.8164	13.19218
1159	3	87.85749	13.23538
2059	3	87.88515	13.26453
3126	2	87.92139	13.30277
2042	3	87.97353	13.35803
360	3	88.01565	13.40283
2447	3	88.09445	13.48684
2187	3	88.17332	13.57269
1934	2	88.28499	13.69561
99	3	88.29301	13.70446
2352	3	88.32256	13.73717
1054	2	88.36273	13.78193
2096	2	88.41606	13.84135
908	2	88.42483	13.85116
3577	3	88.46008	13.89067
3912	2	88.50655	13.9429
4311	3	88.51249	13.94959
466	2	88.55246	13.99471
195	3	88.60004	14.04888
2606	3	88.60191	14.051
2725	2	88.60748	14.05737
2753	3	88.64468	14.10005
2698	3	88.6759	14.13599
1258	3	88.71002	14.17543
151	2	88.75719	14.23103
1641	2	88.82968	14.31745
3630	3	88.83656	14.32577
3239	3	88.83753	14.32694
1135	2	88.91686	14.42301
654	3	88.92242	14.42975
312	3	88.98024	14.50036
1638	3	89.01323	14.54071
1533	3	89.06745	14.60729
2866	2	89.09689	14.6435
1646	3	89.14132	14.69823
3086	3	89.1914	14.75998
505	3	89.1972	14.76713
1208	3	89.23548	14.81447
726	3	89.27542	14.86394
3443	3	89.27943	14.86891
3891	3	89.31935	14.9187
4172	3	89.3236	14.92401
162	3	89.37011	14.98221
4223	2	89.42644	15.05291
331	3	89.43723	15.06654
1971	3	89.44648	15.07832
4247	2	89.50475	15.15358
571	2	89.50998	15.1604
1733	3	89.54027	15.19998
3182	3	89.56811	15.23645
3330	3	89.62478	15.31088
196	3	89.72796	15.44691
1569	3	89.75693	15.48543
2773	2	89.79685	15.53872
3347	2	89.82425	15.57545
3401	3	89.8625	15.62778
377	3	89.87371	15.64323
1704	2	89.9417	15.73743
795	1	89.99072	15.80538
3187	2	90.04889	15.88605
3425	3	90.09827	15.95479
2756	3	90.12796	15.99626
1543	3	90.17804	16.06624
2419	3	90.18002	16.06902
3273	3	90.2103	16.11163
2593	3	90.21276	16.11509
2676	2	90.29208	16.22721
1545	2	90.29515	16.2316
2932	3	90.29697	16.23421
304	3	90.34452	16.30274
3952	3	90.35818	16.32247
568	2	90.36719	16.3355
879	3	90.37654	16.34906
30	2	90.42082	16.41326
1636	3	90.42265	16.41593
3361	3	90.47604	16.49454
1194	3	90.4785	16.49817
2766	3	90.49061	16.5163
3351	3	90.49242	16.51904
3482	3	90.49372	16.52098
3783	2	90.51889	16.55901
4414	3	90.56851	16.63401
3637	3	90.56968	16.63577
4151	3	90.581	16.653
1960	3	90.58623	16.66095
1973	3	90.6025	16.68586
4369	3	90.6244	16.71969
2763	2	90.67297	16.79487
4367	3	90.70197	16.83989
3315	3	90.70403	16.84308
1878	3	90.71409	16.85877
993	2	90.72215	16.87139
198	3	90.7264	16.87805
4225	2	90.7558	16.92416
3963	3	90.77368	16.95234
3050	3	90.8215	17.02775
342	3	90.84868	17.07094
3610	3	90.86614	17.09896
1134	3	90.86629	17.09921
1041	3	90.97284	17.27381
1241	2	90.97478	17.27699
3887	2	91.01936	17.35022
2626	3	91.02229	17.35516
3284	3	91.13396	17.54299
1876	3	91.1752	17.61238
670	3	91.20947	17.67008
1360	2	91.21767	17.6839
2710	3	91.23734	17.71746
3238	3	91.24511	17.73076
468	3	91.24523	17.73097
3206	3	91.3119	17.84533
4130	3	91.32326	17.86486
2250	3	91.38387	17.97031
978	2	91.4308	18.05257
3101	3	91.46136	18.10646
2599	3	91.46913	18.1202
2054	3	91.49197	18.1609
3466	2	91.50026	18.17574
4342	3	91.50522	18.18463
1518	3	91.54292	18.25278
3511	3	91.62156	18.39548
112	3	91.67812	18.4985
2233	3	91.70802	18.55308
553	3	91.76679	18.6614
444	3	91.78238	18.69035
3762	3	91.82172	18.76363
1923	3	91.83538	18.78917
1863	3	91.87385	18.8611
921	3	91.90842	18.92704
3327	3	91.91752	18.94444
1203	3	91.96408	19.03362
3877	3	91.99438	19.09193
80	3	92.02573	19.1523
2550	3	92.02998	19.16054
2220	2	92.03378	19.16788
415	3	92.10394	19.30403
4382	2	92.16051	19.41436
2417	3	92.17152	19.43604
628	3	92.20493	19.50193
1755	3	92.2291	19.54961
4265	3	92.25008	19.59101
4155	3	92.26175	19.61452
346	2	92.2686	19.62834
3262	2	92.32001	19.73223
3668	3	92.32034	19.7329
1575	3	92.33039	19.75358
2498	3	92.35229	19.79874
1416	2	92.36633	19.8279
3366	3	92.42352	19.94736
343	3	92.42932	19.9595
372	3	92.44655	19.9957
2218	2	92.51366	20.13678
2230	3	92.52457	20.15982
16	2	92.57272	20.26165
970	3	92.59959	20.3186
341	1	92.67891	20.48708
1538	2	92.68447	20.4989
3669	3	92.68586	20.50186
2671	3	92.72578	20.58802
2510	3	92.76389	20.67104
3390	3	92.76783	20.67964
1647	3	92.77139	20.68746
2844	3	92.79606	20.74166
755	3	92.82506	20.80567
3835	2	92.85272	20.86708
211	3	92.85716	20.87708
581	3	92.87978	20.92822
1780	3	92.88855	20.94821
4233	3	92.91843	21.01648
580	3	92.94958	21.08862
410	3	92.95296	21.0965
4203	3	92.96512	21.12492
2109	3	93.01172	21.23385
1914	2	93.05164	21.32727
3766	3	93.05431	21.33352
2074	3	93.06694	21.36399
2309	3	93.07426	21.38185
459	3	93.18593	21.65564
4389	2	93.24964	21.81234
3810	1	93.27249	21.86917
3882	3	93.27515	21.87578
536	3	93.3464	22.05433
3712	2	93.35196	22.06833
4047	3	93.35828	22.08436
1908	1	93.43369	22.27714
236	3	93.49632	22.43813
3617	3	93.50546	22.46178
2719	3	93.51457	22.48549
2289	3	93.54866	22.57472
3513	3	93.55957	22.60356
277	3	93.55993	22.60452
3271	3	93.58485	22.67086
2963	3	93.63708	22.81007
3667	3	93.64557	22.83284
1662	1	93.64578	22.8334
2953	2	93.7027	22.98647
790	2	93.76771	23.16245
1739	3	93.76785	23.16282
3463	3	93.78271	23.20332
3148	3	93.7923	23.22948
2926	3	93.84039	23.36093
111	2	93.89262	23.50459
2438	3	93.89275	23.50495
1851	2	93.94141	23.6407
3741	3	93.94963	23.66375
872	2	94.00404	23.81761
4215	3	94.03851	23.91603
2265	3	94.03871	23.91662
2456	3	94.04004	23.92045
4430	3	94.0443	23.93271
1033	2	94.11232	24.12909
2832	3	94.11452	24.13548
1694	3	94.11699	24.14265
4309	3	94.13889	24.20632
2228	2	94.17881	24.32273
2159	3	94.17902	24.32335
2827	3	94.20572	24.40165
230	3	94.21264	24.42199
4129	3	94.23933	24.50048
2696	3	94.28955	24.64895
3339	3	94.3961	24.96423
597	3	94.40386	24.98736
668	3	94.45322	25.13528
2718	3	94.45708	25.14687
3431	3	94.45918	25.15333
490	3	94.51082	25.3122
3945	3	94.51904	25.33765
2120	3	94.53763	25.39534
1905	3	94.54118	25.40648
4365	3	94.57108	25.50044
3487	3	94.60568	25.60936
4486	2	94.64177	25.72298
3136	3	94.66565	25.79838
2809	3	94.70221	25.91448
3393	3	94.81387	26.26984
3260	3	94.83142	26.32597
3619	3	94.83393	26.33403
3634	3	94.88934	26.51402
1059	2	94.92014	26.61433
256	3	94.9941	26.85535
864	3	94.99632	26.86256
849	3	95.03587	26.99259
2752	3	95.06875	27.10205
758	3	95.10284	27.21581
2692	3	95.15694	27.39665
2754	3	95.15883	27.40302
311	3	95.17106	27.44413
655	3	95.17532	27.45858
3469	3	95.18204	27.4815
3493	3	95.19305	27.51906
1610	3	95.21942	27.60948
1782	3	95.27266	27.79489
2590	3	95.32919	27.99194
649	3	95.38075	28.1721
4015	3	95.40303	28.25063
1928	3	95.40485	28.25705
696	3	95.45782	28.44424
308	3	95.47642	28.51021
579	2	95.51895	28.66304
1185	3	95.52106	28.67065
3066	3	95.55046	28.77733
841	2	95.59876	28.95499
235	2	95.62266	29.0432
1398	3	95.63482	29.08818
4426	3	95.63787	29.09962
4150	3	95.65575	29.16673
3470	3	95.65816	29.17587
3980	3	95.66008	29.18314
2938	3	95.69917	29.33223
2489	3	95.70137	29.34067
4228	3	95.72128	29.41755
814	3	95.72397	29.42797
2083	2	95.72421	29.42891
1925	3	95.75391	29.54503
4420	3	95.86558	29.98206
2765	3	95.93135	30.2396
1565	2	95.93463	30.25246
667	3	95.93683	30.26136
3135	3	95.9531	30.32729
2405	3	95.97885	30.43233
1243	3	95.98075	30.44014
1331	2	95.98347	30.45134
3949	2	95.99582	30.50232
3161	3	95.99812	30.5119
238	3	96.01202	30.5701
1465	2	96.03628	30.6723
1351	3	96.03911	30.68426
1214	3	96.04733	30.71916
353	3	96.04922	30.72722
4471	3	96.10145	30.94921
2421	3	96.10168	30.95018
3929	3	96.11421	31.00469
859	3	96.11643	31.01448
2310	3	96.15914	31.20313
1815	3	96.1608	31.21047
4034	3	96.1629	31.2199
947	3	96.19215	31.35096
4361	3	96.2527	31.62332
3767	2	96.25511	31.63416
1235	3	96.25531	31.63507
3947	3	96.25724	31.64381
2089	3	96.26035	31.65798
3855	3	96.26157	31.66356
1148	3	96.27121	31.70812
4147	3	96.38013	32.21403
2379	3	96.40772	32.3434
3423	3	96.44553	32.52141
3690	3	96.44741	32.5303
3324	3	96.46403	32.60912
2964	3	96.49058	32.73556
706	3	96.493	32.74712
167	3	96.50196	32.79002
1189	3	96.51885	32.87097
4401	2	96.52096	32.88116
4466	2	96.57511	33.14766
328	3	96.57848	33.16421
1315	3	96.62275	33.38458
650	3	96.62299	33.38577
4156	3	96.62552	33.39858
1809	3	96.63197	33.43118
2474	3	96.64449	33.49492
4397	3	96.64743	33.51002
2924	3	96.66654	33.60867
3028	3	96.69193	33.7402
752	3	96.72432	33.90856
194	3	96.73438	33.96094
4473	3	96.74841	34.03404
1784	3	96.7738	34.16645
3572	2	96.83105	34.46515
1746	3	96.83369	34.47898
2101	3	96.88165	34.73052
983	3	96.89625	34.80719
1596	3	96.89866	34.81985
58	3	96.91724	34.91792
2354	3	96.94729	35.07732
3655	3	96.94982	35.09087
2494	3	96.94998	35.0917
147	3	96.95018	35.09278
232	2	96.96298	35.16267
163	3	96.96854	35.19309
66	1	96.96885	35.19475
1651	3	96.97024	35.20239
1375	3	96.98176	35.26622
733	3	96.98425	35.28012
3516	3	96.9873	35.29715
2807	3	96.98747	35.29811
1140	3	97.00406	35.39147
2362	3	97.02775	35.52481
104	2	97.0378	35.58164
526	3	97.06319	35.7278
2175	2	97.09348	35.90315
2648	3	97.10751	35.98567
1773	1	97.1077	35.98679
3689	3	97.10783	35.98756
3197	3	97.11024	36.0019
4167	3	97.11697	36.04216
4040	3	97.15486	36.26901
887	3	97.18515	36.45042
645	3	97.1854	36.45191
3111	3	97.19554	36.51445
4408	3	97.19582	36.51619
1615	3	97.19919	36.53725
2306	3	97.20139	36.55103
3598	3	97.20361	36.56511
4479	3	97.20542	36.57669
1100	3	97.20796	36.5929
4200	3	97.22091	36.67603
1556	3	97.22823	36.72322
920	3	97.23646	36.77628
2358	3	97.26183	36.94076
858	3	97.26476	36.96001
3379	3	97.26717	36.97588
52	2	97.29181	37.13825
4044	3	97.29399	37.15269
1602	3	97.31059	37.26266
1405	3	97.31386	37.28449
1174	3	97.31416	37.2865
322	3	97.42583	38.03378
1050	3	97.42764	38.04603
652	3	97.53931	38.79815
1151	3	97.54267	38.82079
1550	3	97.54657	38.84736
2383	3	97.54962	38.86827
2123	3	97.55079	38.8763
2559	3	97.56306	38.96087
4234	3	97.56612	38.98207
966	3	97.67779	39.75706
1867	3	97.6799	39.77172
4181	3	97.68012	39.77327
3987	3	97.69871	39.90396
1136	3	97.72109	40.06555
3348	2	97.72363	40.0839
2974	3	97.72749	40.11177
4087	3	97.73064	40.13481
2305	2	97.74454	40.2366
2468	3	97.75787	40.33476
2507	3	97.75803	40.336
4387	3	97.76067	40.35554
1362	2	97.77486	40.46247
326	3	97.80082	40.6587
4206	3	97.80296	40.6749
2584	3	97.8391	40.95061
679	3	97.83926	40.95192
2706	3	97.84159	40.97005
732	2	97.85553	41.07919
1394	3	97.8589	41.106
599	3	97.86143	41.12631
155	3	97.86385	41.14566
740	1	97.87334	41.22262
3353	2	97.88992	41.35773
3896	3	97.92421	41.63855
611	3	97.9269	41.6608
3889	2	97.92977	41.68464
2124	3	97.93333	41.71419
1382	3	97.94992	41.85237
2347	3	97.95203	41.86998
3049	3	97.95225	41.87177
3761	3	97.95418	41.88797
1256	3	97.95592	41.9026
345	2	97.95618	41.90479
2845	3	97.95789	41.91943
2937	2	97.95956	41.93364
3645	3	97.97816	42.09322
4055	3	97.98042	42.11285
4134	3	97.98067	42.11499
781	3	97.98093	42.11721
934	2	97.98357	42.1403
3715	3	97.98381	42.14249
1942	3	98.00618	42.34135
2070	3	98.00872	42.36411
4372	3	98.02038	42.46884
1710	3	98.04675	42.70812
1664	3	98.05006	42.73817
511	3	98.05864	42.81734
717	3	98.06057	42.83516
119	3	98.07107	42.93224
791	3	98.09645	43.16773
25	3	98.09663	43.1694
802	3	98.11322	43.32387
4526	3	98.1252	43.4356
1157	3	98.12945	43.47532
3165	3	98.13212	43.50037
4403	2	98.13232	43.50233
595	3	98.15297	43.69629
1984	2	98.16066	43.76925
416	3	98.1637	43.79819
3019	3	98.17703	43.92472
550	2	98.17719	43.9262
634	3	98.1895	44.04529
182	2	98.19183	44.06785
2389	3	98.19402	44.08917
2942	2	98.19424	44.09126
4424	3	98.20642	44.21112
1161	3	98.20663	44.21319
2097	3	98.22521	44.39924
2621	3	98.22746	44.42188
1718	3	98.25774	44.73726
1342	3	98.27233	44.88977
842	2	98.2923	45.09877
4442	3	98.31878	45.37694
4111	3	98.32166	45.40736
2532	3	98.35192	45.73279
2857	3	98.35403	45.75553
1803	3	98.36443	45.86787
1818	3	98.3947	46.19599
3651	3	98.39721	46.22342
1384	3	98.39975	46.25135
3749	3	98.39996	46.25373
558	2	98.40012	46.25537
787	3	98.40437	46.3023
547	3	98.40524	46.31213
4317	3	98.40881	46.35201
1143	3	98.42509	46.53406
2390	3	98.42525	46.5359
2392	2	98.4254	46.53761
3526	3	98.42733	46.55953
741	2	98.42966	46.58596
2733	3	98.4483	46.79924
2234	3	98.4485	46.80159
2503	3	98.4775	47.13467
1155	3	98.50398	47.44016
3800	3	98.52647	47.70084
1855	3	98.54865	47.96381
2946	3	98.5715	48.23724
1105	3	98.5718	48.2409
912	3	98.5953	48.53003
888	3	98.5983	48.56712
2511	3	98.61407	48.76239
474	2	98.72573	50.1467
2460	3	98.74176	50.34629
2674	3	98.76085	50.58522
1920	2	98.76105	50.58772
2750	3	98.76357	50.62015
2338	3	98.76758	50.67215
4092	3	98.76979	50.70092
1122	3	98.7722	50.73236
3578	3	98.78609	50.91413
2288	3	98.78637	50.91768
4281	3	98.78889	50.95118
3740	3	98.79182	50.99031
370	3	98.79208	50.99372
2690	3	98.7939	51.01827
2300	2	98.79417	51.0219
2436	3	98.79658	51.05458
1508	3	98.7966	51.05482
839	3	98.79681	51.05764
3024	3	98.81339	51.28392
3744	3	98.81592	51.31851
3730	3	98.82758	51.47958
1150	2	98.85316	51.83425
892	3	98.85335	51.83686
3391	3	98.85352	51.83923
1278	3	98.85593	51.87344
1314	3	98.8768	52.17281
3818	3	98.89329	52.41058
4112	2	98.89342	52.41262
3629	3	98.91334	52.7015
510	3	98.9227	52.83831
1266	2	98.93239	52.98019
3178	3	98.93255	52.98264
1057	3	98.93496	53.01856
23	3	98.93512	53.02089
2473	3	98.94551	53.17659
1967	3	98.94803	53.21437
1706	3	98.96281	53.43977
635	3	98.9642	53.46109
3804	3	98.97617	53.6447
4286	3	98.98019	53.7064
4164	3	98.99506	53.93571
2721	3	98.99524	53.93852
3235	3	98.99548	53.94236
3856	3	99.02577	54.4189
805	3	99.02759	54.44756
3829	3	99.02785	54.45162
9	3	99.02804	54.45462
1448	3	99.02824	54.45779
3174	3	99.04683	54.75763
1088	3	99.05011	54.81176
1519	3	99.05041	54.81659
1	3	99.05376	54.87218
3862	3	99.05766	54.93691
2506	2	99.06103	54.99281
460	3	99.07729	55.26549
2821	3	99.09357	55.53962
4144	3	99.10588	55.74998
1089	2	99.10978	55.81701
3011	2	99.12051	56.00918
2741	3	99.13217	56.2187
3211	1	99.13229	56.22095
4313	3	99.13245	56.22366
2444	3	99.1327	56.22841
1039	3	99.13288	56.23178
1096	3	99.13312	56.23629
1806	3	99.15531	56.65382
1055	3	99.15721	56.68967
1509	3	99.16078	56.75762
237	3	99.16329	56.80571
1551	3	99.16531	56.84439
344	3	99.16795	56.89508
1562	3	99.16817	56.89944
3935	3	99.17048	56.94417
426	3	99.1732	56.99735
2992	3	99.1754	57.04124
4230	3	99.18958	57.32504
382	3	99.20822	57.69937
3676	2	99.20843	57.70358
3340	3	99.22247	57.98937
1887	3	99.22265	57.99308
1478	3	99.22458	58.0327
1338	3	99.22488	58.0388
2860	3	99.2421	58.39664
3790	2	99.24236	58.40212
2152	3	99.24259	58.40716
1558	3	99.24544	58.46909
848	3	99.24853	58.53663
3688	3	99.26976	59.00073
3782	3	99.27196	59.04997
2162	3	99.27209	59.05281
3986	3	99.2842	59.32773
3500	3	99.30515	59.80444
2922	2	99.30537	59.80938
1493	3	99.30783	59.86632
1012	3	99.31035	59.92546
297	3	99.31062	59.93196
1972	3	99.31078	59.93549
1042	3	99.32496	60.27029
688	3	99.32497	60.27068
3266	3	99.32513	60.27454
4352	3	99.32527	60.2778
402	3	99.33638	60.54356
1826	3	99.33671	60.55145
3858	3	99.3533	60.94925
4002	3	99.35606	61.01559
1310	2	99.35773	61.05643
1297	3	99.38802	61.79918
3093	3	99.38826	61.8049
2673	3	99.38855	61.81216
3404	3	99.38867	61.81532
1981	3	99.39057	61.86346
4260	3	99.39394	61.94974
57	2	99.39558	61.99229
675	3	99.39589	62.00028
3383	3	99.39779	62.04962
3836	3	99.39797	62.05432
2970	3	99.40097	62.13241
2139	3	99.40279	62.17978
2488	3	99.42498	62.76506
643	3	99.43701	63.09003
3968	3	99.43724	63.09617
2122	3	99.44965	63.43498
2033	2	99.46152	63.76194
2143	3	99.46371	63.82232
891	3	99.46708	63.91643
3064	2	99.46732	63.92316
3793	3	99.47058	64.01517
3280	3	99.49036	64.58298
471	3	99.49071	64.59306
844	3	99.49099	64.60109
1348	3	99.51318	65.25135
4023	3	99.51334	65.25597
931	3	99.51356	65.2624
3847	2	99.52946	65.73729
2066	3	99.53284	65.83818
2768	3	99.54549	66.2213
3915	2	99.54564	66.22606
4213	3	99.54745	66.28072
2442	3	99.55081	66.38297
4412	2	99.55323	66.45753
4012	3	99.55337	66.46172
1285	3	99.55356	66.46804
2356	3	99.57575	67.18463
1364	3	99.57848	67.27294
3117	3	99.57863	67.27802
3879	3	99.58115	67.36027
4461	3	99.58308	67.42353
4242	3	99.58476	67.47891
3061	3	99.58499	67.48631
4512	3	99.5872	67.55913
131	3	99.58737	67.56455
1642	3	99.58759	67.57214
1695	3	99.58781	67.57915
75	3	99.59042	67.66782
2127	3	99.60669	68.22739
1074	3	99.60691	68.23521
3525	3	99.60863	68.29533
1103	3	99.60885	68.3028
556	3	99.60906	68.31046
3591	3	99.60922	68.31612
2848	3	99.61161	68.40162
2775	3	99.61179	68.40829
3995	3	99.62185	68.78007
2811	2	99.62211	68.78968
109	3	99.62539	68.91357
4209	3	99.62807	69.01535
2282	3	99.62834	69.0256
2000	3	99.62849	69.03159
2703	2	99.64254	69.57134
2600	3	99.65648	70.1139
1678	3	99.66784	70.55771
1507	3	99.68427	71.21045
210	3	99.68443	71.21696
3254	2	99.68464	71.22528
2588	3	99.6882	71.37027
2301	3	99.70214	71.94011
3962	3	99.70235	71.94867
2040	3	99.70262	71.9597
329	3	99.70278	71.96644
1391	3	99.70314	71.9814
724	3	99.7033	71.98833
2941	3	99.70365	72.0031
1874	3	99.70539	72.07779
2883	3	99.70563	72.08792
2800	3	99.7058	72.09523
3623	3	99.70753	72.17242
4238	3	99.70779	72.18384
1434	3	99.72127	72.78489
714	3	99.72528	72.96438
269	3	99.74392	73.80791
2229	3	99.74394	73.809
478	2	99.76254	74.66409
1699	3	99.76276	74.67454
4201	3	99.76292	74.68211
3841	3	99.77673	75.32027
766	3	99.77693	75.32993
427	3	99.7883	75.86107
3535	3	99.80808	76.78864
3096	3	99.81116	76.93483
1109	2	99.81368	77.05384
3333	3	99.83232	77.95842
89	2	99.83234	77.95927
85	3	99.83398	78.04169
445	3	99.83415	78.05016
2715	3	99.83437	78.06145
1630	3	99.83459	78.07278
2782	3	99.84595	78.70464
73	3	99.8461	78.71297
2169	3	99.84623	78.72031
292	3	99.84639	78.72947
1049	3	99.84654	78.73866
3798	3	99.84895	78.88189
3201	3	99.84915	78.89404
1436	3	99.84933	78.90495
1903	3	99.85123	79.02171
1742	3	99.8545	79.22353
476	3	99.85467	79.23359
3446	3	99.85484	79.24413
2055	2	99.855	79.25388
443	3	99.85516	79.26455
3831	3	99.85698	79.37957
725	3	99.85716	79.39125
1506	3	99.85986	79.56782
1068	3	99.86002	79.57872
2197	3	99.86005	79.58109
987	3	99.86227	79.73138
4487	3	99.86243	79.74258
3134	3	99.86261	79.75456
2186	3	99.86283	79.77007
2232	3	99.86507	79.92649
542	2	99.86531	79.94333
1156	3	99.86549	79.95616
2428	3	99.86551	79.95731
3737	3	99.86553	79.95894
105	3	99.86727	80.08457
973	3	99.8676	80.10865
1735	3	99.87014	80.29919
846	3	99.87031	80.31155
988	3	99.87045	80.32306
4019	3	99.87061	80.3348
1254	3	99.8928	82.07787
612	3	99.89462	82.223
3270	3	99.89486	82.24251
3103	3	99.895	82.25431
2019	3	99.89523	82.27371
3265	3	99.89548	82.29395
3852	3	99.89856	82.55849
1769	3	99.89873	82.57298
2566	3	99.90114	82.7889
3241	3	99.90288	82.94842
3680	3	99.90304	82.96286
2191	3	99.90306	82.96501
3338	3	99.90331	82.98809
3354	3	99.9035	83.00732
4385	3	99.90372	83.02814
4373	3	99.90396	83.05212
817	3	99.90419	83.07465
4059	3	99.90435	83.09027
1171	3	99.90451	83.10658
1909	3	99.90641	83.29778
2263	2	99.90656	83.31366
3394	3	99.90866	83.52618
401	3	99.90883	83.54332
4276	3	99.91094	83.76324
832	3	99.9112	83.79031
1548	3	99.91231	83.90536
1727	3	99.91472	84.15784
1579	3	99.9163	84.32329
157	3	99.91651	84.34637
1245	3	99.91837	84.54379
4104	3	99.9186	84.56982
3765	3	99.91874	84.58455
3972	3	99.92107	84.84435
517	3	99.9212	84.85961
4198	3	99.92142	84.88422
2334	3	99.93279	86.16068
2659	3	99.94415	87.44102
1897	3	99.94418	87.44363
3	3	99.94442	87.47107
989	3	99.94456	87.48689
4519	2	99.94458	87.48969
3185	3	99.94476	87.51101
1447	3	99.94756	87.85834
2484	3	99.94778	87.88528
3424	3	99.9496	88.11163
3046	2	99.94976	88.13196
1933	3	99.95251	88.47803
1514	3	99.95268	88.4985
4392	3	99.95282	88.51665
2672	3	99.95546	88.85985
2683	3	99.9572	89.11527
4168	3	99.95737	89.13953
3950	3	99.95752	89.1627
3071	3	99.95765	89.18216
2898	3	99.95788	89.21626
2315	3	99.9581	89.2489
2060	3	99.95825	89.27267
4375	3	99.96072	89.65034
4345	3	99.96101	89.69791
2285	3	99.96125	89.73708
2772	3	99.96148	89.77607
2990	3	99.96323	90.07834
1205	3	99.96651	90.65477
1747	3	99.97787	92.65948
3884	3	99.97804	92.68894
1211	2	99.97826	92.73122
434	3	99.97844	92.76374
3509	3	99.97864	92.8026
4360	3	99.98057	93.17919
1347	3	99.98241	93.53883
4496	3	99.98257	93.57049
1517	2	99.98275	93.60688
1147	3	99.98434	93.92276
3988	3	99.98618	94.31677
3152	3	99.98634	94.35184
3894	3	99.98647	94.38068
2876	3	99.98669	94.4304
3435	3	99.98684	94.46704
1325	3	99.98701	94.50574
3594	3	99.98723	94.55819
3014	3	99.98746	94.61385
2701	3	99.98762	94.65325
365	2	99.98785	94.71086
2909	3	99.98787	94.71531
287	3	99.98809	94.77528
3849	3	99.98828	94.82809
3384	3	99.98844	94.87423
4192	3	99.99171	95.7982
3633	3	99.99188	95.84576
4165	3	99.99212	95.91982
2499	3	99.994	96.53684
2529	3	99.99401	96.53947
2273	3	99.99415	96.58888
357	3	99.99417	96.59729
1825	3	99.99435	96.65846
1262	3	99.99438	96.67222
3415	3	99.99622	97.3578
3692	3	99.99635	97.41109
3237	3	99.99651	97.4743
3484	3	99.99653	97.48142
1414	3	99.99669	97.54715
1899	3	99.99686	97.61905
2784	3	99.99688	97.62884
3133	3	99.99705	97.70231
4161	3	99.99707	97.71296
3704	3	99.99725	97.79334
903	3	99.99741	97.87392
4194	3	99.99744	97.88929
3430	3	99.9976	97.9703
665	3	99.99764	97.98826
940	3	99.99767	97.99997
1786	3	99.99783	98.08975
3125	3	99.99798	98.17259
1658	2	99.99801	98.19366
1881	3	99.99803	98.20702
67	3	99.99807	98.23048
960	3	99.99831	98.38689
3861	3	99.99847	98.49306
3447	3	99.9987	98.65282
3037	3	99.99873	98.67867
4188	3	99.99891	98.82196
3501	3	99.99913	99.03796
4078	3	99.99931	99.20042
2846	2	99.99953	99.43156
2650	3	99.9997	99.61353
3803	3	99.99975	99.66758
813	3	99.99992	99.88213
3576	3	99.99994	99.90554
1635	3	99.99996	99.94016
4158	3	99.99998	99.96561
2748	3	100	100
